"Game Number","Game Step","Initial Deck","Move Type","Card Color/Rank/Position","Cards Involving","Current Player ID","Player 1","Player 2","Player 3","Player 4","Player 5"
"1","1","G0Y2G3Y3W1G4R0B4Y0B0W0G0R2B3Y0G2B2Y1B1R1R3G1G1G3W0B1Y0Y3W4G2G0W2R0W1Y4R4R3W3B2B0B3R2W2W0R1Y1B0R0W3Y2","REVEAL_RANK","0","G0W0B0Y0","0","Y3G3Y2G0","B4R0G4W1","G0W0B0Y0","G2Y0B3R2","R1B1Y1B2"
"1","2","G0Y2G3Y3W1G4R0B4Y0B0W0G0R2B3Y0G2B2Y1B1R1R3G1G1G3W0B1Y0Y3W4G2G0W2R0W1Y4R4R3W3B2B0B3R2W2W0R1Y1B0R0W3Y2","DISCARD","4","W1","1","Y3G3Y2G0","B4R0G4W1","G0W0B0Y0","G2Y0B3R2","R1B1Y1B2"
"1","3","G0Y2G3Y3W1G4R0B4Y0B0W0G0R2B3Y0G2B2Y1B1R1R3G1G1G3W0B1Y0Y3W4G2G0W2R0W1Y4R4R3W3B2B0B3R2W2W0R1Y1B0R0W3Y2","PLAY","1","G0","2","Y3G3Y2G0","R3B4R0G4","G0W0B0Y0","G2Y0B3R2","R1B1Y1B2"
"1","4","G0Y2G3Y3W1G4R0B4Y0B0W0G0R2B3Y0G2B2Y1B1R1R3G1G1G3W0B1Y0Y3W4G2G0W2R0W1Y4R4R3W3B2B0B3R2W2W0R1Y1B0R0W3Y2","REVEAL_COLOR","G","G1","3","Y3G3Y2G0","R3B4R0G4","G1W0B0Y0","G2Y0B3R2","R1B1Y1B2"
"1","5","G0Y2G3Y3W1G4R0B4Y0B0W0G0R2B3Y0G2B2Y1B1R1R3G1G1G3W0B1Y0Y3W4G2G0W2R0W1Y4R4R3W3B2B0B3R2W2W0R1Y1B0R0W3Y2","REVEAL_RANK","0","R0","4","Y3G3Y2G0","R3B4R0G4","G1W0B0Y0","G2Y0B3R2","R1B1Y1B2"
"1","6","G0Y2G3Y3W1G4R0B4Y0B0W0G0R2B3Y0G2B2Y1B1R1R3G1G1G3W0B1Y0Y3W4G2G0W2R0W1Y4R4R3W3B2B0B3R2W2W0R1Y1B0R0W3Y2","REVEAL_COLOR","G","G2","0","Y3G3Y2G0","R3B4R0G4","G1W0B0Y0","G2Y0B3R2","R1B1Y1B2"
"1","7","G0Y2G3Y3W1G4R0B4Y0B0W0G0R2B3Y0G2B2Y1B1R1R3G1G1G3W0B1Y0Y3W4G2G0W2R0W1Y4R4R3W3B2B0B3R2W2W0R1Y1B0R0W3Y2","PLAY","3","R0","1","Y3G3Y2G0","R3B4R0G4","G1W0B0Y0","G2Y0B3R2","R1B1Y1B2"
"1","8","G0Y2G3Y3W1G4R0B4Y0B0W0G0R2B3Y0G2B2Y1B1R1R3G1G1G3W0B1Y0Y3W4G2G0W2R0W1Y4R4R3W3B2B0B3R2W2W0R1Y1B0R0W3Y2","REVEAL_COLOR","Y","Y1","2","Y3G3Y2G0","G1R3B4G4","G1W0B0Y0","G2Y0B3R2","R1B1Y1B2"
"1","9","G0Y2G3Y3W1G4R0B4Y0B0W0G0R2B3Y0G2B2Y1B1R1R3G1G1G3W0B1Y0Y3W4G2G0W2R0W1Y4R4R3W3B2B0B3R2W2W0R1Y1B0R0W3Y2","PLAY","2","Y0","3","Y3G3Y2G0","G1R3B4G4","G1W0B0Y0","G2Y0B3R2","R1B1Y1B2"
"1","10","G0Y2G3Y3W1G4R0B4Y0B0W0G0R2B3Y0G2B2Y1B1R1R3G1G1G3W0B1Y0Y3W4G2G0W2R0W1Y4R4R3W3B2B0B3R2W2W0R1Y1B0R0W3Y2","PLAY","3","Y1","4","Y3G3Y2G0","G1R3B4G4","G1W0B0Y0","G3G2B3R2","R1B1Y1B2"
"1","11","G0Y2G3Y3W1G4R0B4Y0B0W0G0R2B3Y0G2B2Y1B1R1R3G1G1G3W0B1Y0Y3W4G2G0W2R0W1Y4R4R3W3B2B0B3R2W2W0R1Y1B0R0W3Y2","REVEAL_RANK","4","B4G4","0","Y3G3Y2G0","G1R3B4G4","G1W0B0Y0","G3G2B3R2","W0R1B1B2"
"1","12","G0Y2G3Y3W1G4R0B4Y0B0W0G0R2B3Y0G2B2Y1B1R1R3G1G1G3W0B1Y0Y3W4G2G0W2R0W1Y4R4R3W3B2B0B3R2W2W0R1Y1B0R0W3Y2","DISCARD","2","R3","1","Y3G3Y2G0","G1R3B4G4","G1W0B0Y0","G3G2B3R2","W0R1B1B2"
"1","13","G0Y2G3Y3W1G4R0B4Y0B0W0G0R2B3Y0G2B2Y1B1R1R3G1G1G3W0B1Y0Y3W4G2G0W2R0W1Y4R4R3W3B2B0B3R2W2W0R1Y1B0R0W3Y2","PLAY","2","W0","2","Y3G3Y2G0","B1G1B4G4","G1W0B0Y0","G3G2B3R2","W0R1B1B2"
"1","14","G0Y2G3Y3W1G4R0B4Y0B0W0G0R2B3Y0G2B2Y1B1R1R3G1G1G3W0B1Y0Y3W4G2G0W2R0W1Y4R4R3W3B2B0B3R2W2W0R1Y1B0R0W3Y2","REVEAL_COLOR","R","R1","3","Y3G3Y2G0","B1G1B4G4","Y0G1B0Y0","G3G2B3R2","W0R1B1B2"
"1","15","G0Y2G3Y3W1G4R0B4Y0B0W0G0R2B3Y0G2B2Y1B1R1R3G1G1G3W0B1Y0Y3W4G2G0W2R0W1Y4R4R3W3B2B0B3R2W2W0R1Y1B0R0W3Y2","PLAY","2","R1","4","Y3G3Y2G0","B1G1B4G4","Y0G1B0Y0","G3G2B3R2","W0R1B1B2"
"1","16","G0Y2G3Y3W1G4R0B4Y0B0W0G0R2B3Y0G2B2Y1B1R1R3G1G1G3W0B1Y0Y3W4G2G0W2R0W1Y4R4R3W3B2B0B3R2W2W0R1Y1B0R0W3Y2","DISCARD","4","G0","0","Y3G3Y2G0","B1G1B4G4","Y0G1B0Y0","G3G2B3R2","Y3W0B1B2"
"1","17","G0Y2G3Y3W1G4R0B4Y0B0W0G0R2B3Y0G2B2Y1B1R1R3G1G1G3W0B1Y0Y3W4G2G0W2R0W1Y4R4R3W3B2B0B3R2W2W0R1Y1B0R0W3Y2","DISCARD","2","G1","1","W4Y3G3Y2","B1G1B4G4","Y0G1B0Y0","G3G2B3R2","Y3W0B1B2"
"1","18","G0Y2G3Y3W1G4R0B4Y0B0W0G0R2B3Y0G2B2Y1B1R1R3G1G1G3W0B1Y0Y3W4G2G0W2R0W1Y4R4R3W3B2B0B3R2W2W0R1Y1B0R0W3Y2","PLAY","2","G1","2","W4Y3G3Y2","G2B1B4G4","Y0G1B0Y0","G3G2B3R2","Y3W0B1B2"
"1","19","G0Y2G3Y3W1G4R0B4Y0B0W0G0R2B3Y0G2B2Y1B1R1R3G1G1G3W0B1Y0Y3W4G2G0W2R0W1Y4R4R3W3B2B0B3R2W2W0R1Y1B0R0W3Y2","PLAY","2","G2","3","W4Y3G3Y2","G2B1B4G4","G0Y0B0Y0","G3G2B3R2","Y3W0B1B2"
"1","20","G0Y2G3Y3W1G4R0B4Y0B0W0G0R2B3Y0G2B2Y1B1R1R3G1G1G3W0B1Y0Y3W4G2G0W2R0W1Y4R4R3W3B2B0B3R2W2W0R1Y1B0R0W3Y2","REVEAL_COLOR","G","G3","4","W4Y3G3Y2","G2B1B4G4","G0Y0B0Y0","W2G3B3R2","Y3W0B1B2"
"1","21","G0Y2G3Y3W1G4R0B4Y0B0W0G0R2B3Y0G2B2Y1B1R1R3G1G1G3W0B1Y0Y3W4G2G0W2R0W1Y4R4R3W3B2B0B3R2W2W0R1Y1B0R0W3Y2","PLAY","3","G3","0","W4Y3G3Y2","G2B1B4G4","G0Y0B0Y0","W2G3B3R2","Y3W0B1B2"
"1","22","G0Y2G3Y3W1G4R0B4Y0B0W0G0R2B3Y0G2B2Y1B1R1R3G1G1G3W0B1Y0Y3W4G2G0W2R0W1Y4R4R3W3B2B0B3R2W2W0R1Y1B0R0W3Y2","REVEAL_COLOR","B","B1B2","1","R0W4Y3Y2","G2B1B4G4","G0Y0B0Y0","W2G3B3R2","Y3W0B1B2"
"1","23","G0Y2G3Y3W1G4R0B4Y0B0W0G0R2B3Y0G2B2Y1B1R1R3G1G1G3W0B1Y0Y3W4G2G0W2R0W1Y4R4R3W3B2B0B3R2W2W0R1Y1B0R0W3Y2","PLAY","3","B0","2","R0W4Y3Y2","G2B1B4G4","G0Y0B0Y0","W2G3B3R2","Y3W0B1B2"
"1","24","G0Y2G3Y3W1G4R0B4Y0B0W0G0R2B3Y0G2B2Y1B1R1R3G1G1G3W0B1Y0Y3W4G2G0W2R0W1Y4R4R3W3B2B0B3R2W2W0R1Y1B0R0W3Y2","DISCARD","4","R2","3","R0W4Y3Y2","G2B1B4G4","W1G0Y0Y0","W2G3B3R2","Y3W0B1B2"
"1","25","G0Y2G3Y3W1G4R0B4Y0B0W0G0R2B3Y0G2B2Y1B1R1R3G1G1G3W0B1Y0Y3W4G2G0W2R0W1Y4R4R3W3B2B0B3R2W2W0R1Y1B0R0W3Y2","PLAY","3","B1","4","R0W4Y3Y2","G2B1B4G4","W1G0Y0Y0","Y4W2G3B3","Y3W0B1B2"
"1","26","G0Y2G3Y3W1G4R0B4Y0B0W0G0R2B3Y0G2B2Y1B1R1R3G1G1G3W0B1Y0Y3W4G2G0W2R0W1Y4R4R3W3B2B0B3R2W2W0R1Y1B0R0W3Y2","REVEAL_COLOR","W","W2","0","R0W4Y3Y2","G2B1B4G4","W1G0Y0Y0","Y4W2G3B3","R4Y3W0B2"
"1","27","G0Y2G3Y3W1G4R0B4Y0B0W0G0R2B3Y0G2B2Y1B1R1R3G1G1G3W0B1Y0Y3W4G2G0W2R0W1Y4R4R3W3B2B0B3R2W2W0R1Y1B0R0W3Y2","DISCARD","2","B1","1","R0W4Y3Y2","G2B1B4G4","W1G0Y0Y0","Y4W2G3B3","R4Y3W0B2"
"1","28","G0Y2G3Y3W1G4R0B4Y0B0W0G0R2B3Y0G2B2Y1B1R1R3G1G1G3W0B1Y0Y3W4G2G0W2R0W1Y4R4R3W3B2B0B3R2W2W0R1Y1B0R0W3Y2","PLAY","1","W1","2","R0W4Y3Y2","R3G2B4G4","W1G0Y0Y0","Y4W2G3B3","R4Y3W0B2"
"1","29","G0Y2G3Y3W1G4R0B4Y0B0W0G0R2B3Y0G2B2Y1B1R1R3G1G1G3W0B1Y0Y3W4G2G0W2R0W1Y4R4R3W3B2B0B3R2W2W0R1Y1B0R0W3Y2","PLAY","2","W2","3","R0W4Y3Y2","R3G2B4G4","W3G0Y0Y0","Y4W2G3B3","R4Y3W0B2"
"1","30","G0Y2G3Y3W1G4R0B4Y0B0W0G0R2B3Y0G2B2Y1B1R1R3G1G1G3W0B1Y0Y3W4G2G0W2R0W1Y4R4R3W3B2B0B3R2W2W0R1Y1B0R0W3Y2","REVEAL_RANK","2","Y2","4","R0W4Y3Y2","R3G2B4G4","W3G0Y0Y0","B2Y4G3B3","R4Y3W0B2"
"1","31","G0Y2G3Y3W1G4R0B4Y0B0W0G0R2B3Y0G2B2Y1B1R1R3G1G1G3W0B1Y0Y3W4G2G0W2R0W1Y4R4R3W3B2B0B3R2W2W0R1Y1B0R0W3Y2","PLAY","4","Y2","0","R0W4Y3Y2","R3G2B4G4","W3G0Y0Y0","B2Y4G3B3","R4Y3W0B2"
"1","32","G0Y2G3Y3W1G4R0B4Y0B0W0G0R2B3Y0G2B2Y1B1R1R3G1G1G3W0B1Y0Y3W4G2G0W2R0W1Y4R4R3W3B2B0B3R2W2W0R1Y1B0R0W3Y2","REVEAL_COLOR","W","W4","1","B0R0W4Y3","R3G2B4G4","W3G0Y0Y0","B2Y4G3B3","R4Y3W0B2"
"1","33","G0Y2G3Y3W1G4R0B4Y0B0W0G0R2B3Y0G2B2Y1B1R1R3G1G1G3W0B1Y0Y3W4G2G0W2R0W1Y4R4R3W3B2B0B3R2W2W0R1Y1B0R0W3Y2","PLAY","1","W3","2","B0R0W4Y3","R3G2B4G4","W3G0Y0Y0","B2Y4G3B3","R4Y3W0B2"
"1","34","G0Y2G3Y3W1G4R0B4Y0B0W0G0R2B3Y0G2B2Y1B1R1R3G1G1G3W0B1Y0Y3W4G2G0W2R0W1Y4R4R3W3B2B0B3R2W2W0R1Y1B0R0W3Y2","DISCARD","4","B3","3","B0R0W4Y3","R3G2B4G4","B3G0Y0Y0","B2Y4G3B3","R4Y3W0B2"
"1","35","G0Y2G3Y3W1G4R0B4Y0B0W0G0R2B3Y0G2B2Y1B1R1R3G1G1G3W0B1Y0Y3W4G2G0W2R0W1Y4R4R3W3B2B0B3R2W2W0R1Y1B0R0W3Y2","PLAY","4","B2","4","B0R0W4Y3","R3G2B4G4","B3G0Y0Y0","R2B2Y4G3","R4Y3W0B2"
"1","36","G0Y2G3Y3W1G4R0B4Y0B0W0G0R2B3Y0G2B2Y1B1R1R3G1G1G3W0B1Y0Y3W4G2G0W2R0W1Y4R4R3W3B2B0B3R2W2W0R1Y1B0R0W3Y2","PLAY","3","W4","0","B0R0W4Y3","R3G2B4G4","B3G0Y0Y0","R2B2Y4G3","W2R4Y3W0"
"1","37","G0Y2G3Y3W1G4R0B4Y0B0W0G0R2B3Y0G2B2Y1B1R1R3G1G1G3W0B1Y0Y3W4G2G0W2R0W1Y4R4R3W3B2B0B3R2W2W0R1Y1B0R0W3Y2","REVEAL_RANK","4","Y4","1","W0B0R0Y3","R3G2B4G4","B3G0Y0Y0","R2B2Y4G3","W2R4Y3W0"
"1","38","G0Y2G3Y3W1G4R0B4Y0B0W0G0R2B3Y0G2B2Y1B1R1R3G1G1G3W0B1Y0Y3W4G2G0W2R0W1Y4R4R3W3B2B0B3R2W2W0R1Y1B0R0W3Y2","REVEAL_COLOR","R","R3","2","W0B0R0Y3","R3G2B4G4","B3G0Y0Y0","R2B2Y4G3","W2R4Y3W0"
"1","39","G0Y2G3Y3W1G4R0B4Y0B0W0G0R2B3Y0G2B2Y1B1R1R3G1G1G3W0B1Y0Y3W4G2G0W2R0W1Y4R4R3W3B2B0B3R2W2W0R1Y1B0R0W3Y2","PLAY","1","R2","3","W0B0R0Y3","R3G2B4G4","B3G0Y0Y0","R2B2Y4G3","W2R4Y3W0"
"1","40","G0Y2G3Y3W1G4R0B4Y0B0W0G0R2B3Y0G2B2Y1B1R1R3G1G1G3W0B1Y0Y3W4G2G0W2R0W1Y4R4R3W3B2B0B3R2W2W0R1Y1B0R0W3Y2","REVEAL_COLOR","Y","Y3","4","W0B0R0Y3","R3G2B4G4","B3G0Y0Y0","R1B2Y4G3","W2R4Y3W0"
"1","41","G0Y2G3Y3W1G4R0B4Y0B0W0G0R2B3Y0G2B2Y1B1R1R3G1G1G3W0B1Y0Y3W4G2G0W2R0W1Y4R4R3W3B2B0B3R2W2W0R1Y1B0R0W3Y2","PLAY","4","Y3","0","W0B0R0Y3","R3G2B4G4","B3G0Y0Y0","R1B2Y4G3","W2R4Y3W0"
"1","42","G0Y2G3Y3W1G4R0B4Y0B0W0G0R2B3Y0G2B2Y1B1R1R3G1G1G3W0B1Y0Y3W4G2G0W2R0W1Y4R4R3W3B2B0B3R2W2W0R1Y1B0R0W3Y2","REVEAL_COLOR","B","B3","1","Y1W0B0R0","R3G2B4G4","B3G0Y0Y0","R1B2Y4G3","W2R4Y3W0"
"1","43","G0Y2G3Y3W1G4R0B4Y0B0W0G0R2B3Y0G2B2Y1B1R1R3G1G1G3W0B1Y0Y3W4G2G0W2R0W1Y4R4R3W3B2B0B3R2W2W0R1Y1B0R0W3Y2","PLAY","1","B3","2","Y1W0B0R0","R3G2B4G4","B3G0Y0Y0","R1B2Y4G3","W2R4Y3W0"
"1","44","G0Y2G3Y3W1G4R0B4Y0B0W0G0R2B3Y0G2B2Y1B1R1R3G1G1G3W0B1Y0Y3W4G2G0W2R0W1Y4R4R3W3B2B0B3R2W2W0R1Y1B0R0W3Y2","PLAY","3","Y4","3","Y1W0B0R0","R3G2B4G4","B0G0Y0Y0","R1B2Y4G3","W2R4Y3W0"
"1","45","G0Y2G3Y3W1G4R0B4Y0B0W0G0R2B3Y0G2B2Y1B1R1R3G1G1G3W0B1Y0Y3W4G2G0W2R0W1Y4R4R3W3B2B0B3R2W2W0R1Y1B0R0W3Y2","REVEAL_COLOR","G","G2G4","4","Y1W0B0R0","R3G2B4G4","B0G0Y0Y0","R0R1B2G3","W2R4Y3W0"
"1","46","G0Y2G3Y3W1G4R0B4Y0B0W0G0R2B3Y0G2B2Y1B1R1R3G1G1G3W0B1Y0Y3W4G2G0W2R0W1Y4R4R3W3B2B0B3R2W2W0R1Y1B0R0W3Y2","DISCARD","4","R0","0","Y1W0B0R0","R3G2B4G4","B0G0Y0Y0","R0R1B2G3","W2R4Y3W0"
"1","47","G0Y2G3Y3W1G4R0B4Y0B0W0G0R2B3Y0G2B2Y1B1R1R3G1G1G3W0B1Y0Y3W4G2G0W2R0W1Y4R4R3W3B2B0B3R2W2W0R1Y1B0R0W3Y2","PLAY","1","R3","1","W3Y1W0B0","R3G2B4G4","B0G0Y0Y0","R0R1B2G3","W2R4Y3W0"
"1","48","G0Y2G3Y3W1G4R0B4Y0B0W0G0R2B3Y0G2B2Y1B1R1R3G1G1G3W0B1Y0Y3W4G2G0W2R0W1Y4R4R3W3B2B0B3R2W2W0R1Y1B0R0W3Y2","REVEAL_RANK","4","R4","2","W3Y1W0B0","Y2G2B4G4","B0G0Y0Y0","R0R1B2G3","W2R4Y3W0"
"1","49","G0Y2G3Y3W1G4R0B4Y0B0W0G0R2B3Y0G2B2Y1B1R1R3G1G1G3W0B1Y0Y3W4G2G0W2R0W1Y4R4R3W3B2B0B3R2W2W0R1Y1B0R0W3Y2","DISCARD","4","G3","3","W3Y1W0B0","Y2G2B4G4","B0G0Y0Y0","R0R1B2G3","W2R4Y3W0"
"1","50","G0Y2G3Y3W1G4R0B4Y0B0W0G0R2B3Y0G2B2Y1B1R1R3G1G1G3W0B1Y0Y3W4G2G0W2R0W1Y4R4R3W3B2B0B3R2W2W0R1Y1B0R0W3Y2","PLAY","2","R4","4","W3Y1W0B0","Y2G2B4G4","B0G0Y0Y0","R0R1B2","W2R4Y3W0"
"1","51","G0Y2G3Y3W1G4R0B4Y0B0W0G0R2B3Y0G2B2Y1B1R1R3G1G1G3W0B1Y0Y3W4G2G0W2R0W1Y4R4R3W3B2B0B3R2W2W0R1Y1B0R0W3Y2","DISCARD","4","B0","0","W3Y1W0B0","Y2G2B4G4","B0G0Y0Y0","R0R1B2","W2Y3W0"
"1","52","G0Y2G3Y3W1G4R0B4Y0B0W0G0R2B3Y0G2B2Y1B1R1R3G1G1G3W0B1Y0Y3W4G2G0W2R0W1Y4R4R3W3B2B0B3R2W2W0R1Y1B0R0W3Y2","PLAY","3","B4","1","W3Y1W0","Y2G2B4G4","B0G0Y0Y0","R0R1B2","W2Y3W0"
"2","1","B0W1R3G4B2G0B0G1B1R0W3R0Y2B4W0Y1R2B2B3R2Y1G3W4G0Y4R0G0W2R3G2W2B0G3B3W3R4Y2Y3G1Y0G2Y0W0Y0W0R1Y3W1R1B1","REVEAL_RANK","0","B0G0","0","G4R3W1B0","G1B0G0B2","R0W3R0B1","Y1W0B4Y2","R2B3B2R2"
"2","2","B0W1R3G4B2G0B0G1B1R0W3R0Y2B4W0Y1R2B2B3R2Y1G3W4G0Y4R0G0W2R3G2W2B0G3B3W3R4Y2Y3G1Y0G2Y0W0Y0W0R1Y3W1R1B1","PLAY","2","B0","1","G4R3W1B0","G1B0G0B2","R0W3R0B1","Y1W0B4Y2","R2B3B2R2"
"2","3","B0W1R3G4B2G0B0G1B1R0W3R0Y2B4W0Y1R2B2B3R2Y1G3W4G0Y4R0G0W2R3G2W2B0G3B3W3R4Y2Y3G1Y0G2Y0W0Y0W0R1Y3W1R1B1","REVEAL_COLOR","W","W0","2","G4R3W1B0","Y1G1G0B2","R0W3R0B1","Y1W0B4Y2","R2B3B2R2"
"2","4","B0W1R3G4B2G0B0G1B1R0W3R0Y2B4W0Y1R2B2B3R2Y1G3W4G0Y4R0G0W2R3G2W2B0G3B3W3R4Y2Y3G1Y0G2Y0W0Y0W0R1Y3W1R1B1","PLAY","2","W0","3","G4R3W1B0","Y1G1G0B2","R0W3R0B1","Y1W0B4Y2","R2B3B2R2"
"2","5","B0W1R3G4B2G0B0G1B1R0W3R0Y2B4W0Y1R2B2B3R2Y1G3W4G0Y4R0G0W2R3G2W2B0G3B3W3R4Y2Y3G1Y0G2Y0W0Y0W0R1Y3W1R1B1","REVEAL_COLOR","W","W1","4","G4R3W1B0","Y1G1G0B2","R0W3R0B1","G3Y1B4Y2","R2B3B2R2"
"2","6","B0W1R3G4B2G0B0G1B1R0W3R0Y2B4W0Y1R2B2B3R2Y1G3W4G0Y4R0G0W2R3G2W2B0G3B3W3R4Y2Y3G1Y0G2Y0W0Y0W0R1Y3W1R1B1","PLAY","3","W1","0","G4R3W1B0","Y1G1G0B2","R0W3R0B1","G3Y1B4Y2","R2B3B2R2"
"2","7","B0W1R3G4B2G0B0G1B1R0W3R0Y2B4W0Y1R2B2B3R2Y1G3W4G0Y4R0G0W2R3G2W2B0G3B3W3R4Y2Y3G1Y0G2Y0W0Y0W0R1Y3W1R1B1","PLAY","3","G0","1","W4G4R3B0","Y1G1G0B2","R0W3R0B1","G3Y1B4Y2","R2B3B2R2"
"2","8","B0W1R3G4B2G0B0G1B1R0W3R0Y2B4W0Y1R2B2B3R2Y1G3W4G0Y4R0G0W2R3G2W2B0G3B3W3R4Y2Y3G1Y0G2Y0W0Y0W0R1Y3W1R1B1","DISCARD","4","B1","2","W4G4R3B0","G0Y1G1B2","R0W3R0B1","G3Y1B4Y2","R2B3B2R2"
"2","9","B0W1R3G4B2G0B0G1B1R0W3R0Y2B4W0Y1R2B2B3R2Y1G3W4G0Y4R0G0W2R3G2W2B0G3B3W3R4Y2Y3G1Y0G2Y0W0Y0W0R1Y3W1R1B1","REVEAL_COLOR","R","R0R0","3","W4G4R3B0","G0Y1G1B2","Y4R0W3R0","G3Y1B4Y2","R2B3B2R2"
"2","10","B0W1R3G4B2G0B0G1B1R0W3R0Y2B4W0Y1R2B2B3R2Y1G3W4G0Y4R0G0W2R3G2W2B0G3B3W3R4Y2Y3G1Y0G2Y0W0Y0W0R1Y3W1R1B1","DISCARD","4","R2","4","W4G4R3B0","G0Y1G1B2","Y4R0W3R0","G3Y1B4Y2","R2B3B2R2"
"2","11","B0W1R3G4B2G0B0G1B1R0W3R0Y2B4W0Y1R2B2B3R2Y1G3W4G0Y4R0G0W2R3G2W2B0G3B3W3R4Y2Y3G1Y0G2Y0W0Y0W0R1Y3W1R1B1","DISCARD","4","B0","0","W4G4R3B0","G0Y1G1B2","Y4R0W3R0","G3Y1B4Y2","R0R2B3B2"
"2","12","B0W1R3G4B2G0B0G1B1R0W3R0Y2B4W0Y1R2B2B3R2Y1G3W4G0Y4R0G0W2R3G2W2B0G3B3W3R4Y2Y3G1Y0G2Y0W0Y0W0R1Y3W1R1B1","REVEAL_RANK","0","R0R0","1","G0W4G4R3","G0Y1G1B2","Y4R0W3R0","G3Y1B4Y2","R0R2B3B2"
"2","13","B0W1R3G4B2G0B0G1B1R0W3R0Y2B4W0Y1R2B2B3R2Y1G3W4G0Y4R0G0W2R3G2W2B0G3B3W3R4Y2Y3G1Y0G2Y0W0Y0W0R1Y3W1R1B1","PLAY","2","R0","2","G0W4G4R3","G0Y1G1B2","Y4R0W3R0","G3Y1B4Y2","R0R2B3B2"
"2","14","B0W1R3G4B2G0B0G1B1R0W3R0Y2B4W0Y1R2B2B3R2Y1G3W4G0Y4R0G0W2R3G2W2B0G3B3W3R4Y2Y3G1Y0G2Y0W0Y0W0R1Y3W1R1B1","REVEAL_COLOR","W","W2W3","3","G0W4G4R3","G0Y1G1B2","W2Y4W3R0","G3Y1B4Y2","R0R2B3B2"
"2","15","B0W1R3G4B2G0B0G1B1R0W3R0Y2B4W0Y1R2B2B3R2Y1G3W4G0Y4R0G0W2R3G2W2B0G3B3W3R4Y2Y3G1Y0G2Y0W0Y0W0R1Y3W1R1B1","REVEAL_COLOR","W","W4","4","G0W4G4R3","G0Y1G1B2","W2Y4W3R0","G3Y1B4Y2","R0R2B3B2"
"2","16","B0W1R3G4B2G0B0G1B1R0W3R0Y2B4W0Y1R2B2B3R2Y1G3W4G0Y4R0G0W2R3G2W2B0G3B3W3R4Y2Y3G1Y0G2Y0W0Y0W0R1Y3W1R1B1","DISCARD","4","R3","0","G0W4G4R3","G0Y1G1B2","W2Y4W3R0","G3Y1B4Y2","R0R2B3B2"
"2","17","B0W1R3G4B2G0B0G1B1R0W3R0Y2B4W0Y1R2B2B3R2Y1G3W4G0Y4R0G0W2R3G2W2B0G3B3W3R4Y2Y3G1Y0G2Y0W0Y0W0R1Y3W1R1B1","DISCARD","4","B2","1","R3G0W4G4","G0Y1G1B2","W2Y4W3R0","G3Y1B4Y2","R0R2B3B2"
"2","18","B0W1R3G4B2G0B0G1B1R0W3R0Y2B4W0Y1R2B2B3R2Y1G3W4G0Y4R0G0W2R3G2W2B0G3B3W3R4Y2Y3G1Y0G2Y0W0Y0W0R1Y3W1R1B1","PLAY","1","W2","2","R3G0W4G4","G2G0Y1G1","W2Y4W3R0","G3Y1B4Y2","R0R2B3B2"
"2","19","B0W1R3G4B2G0B0G1B1R0W3R0Y2B4W0Y1R2B2B3R2Y1G3W4G0Y4R0G0W2R3G2W2B0G3B3W3R4Y2Y3G1Y0G2Y0W0Y0W0R1Y3W1R1B1","REVEAL_RANK","2","R2B2","3","R3G0W4G4","G2G0Y1G1","W2Y4W3R0","G3Y1B4Y2","R0R2B3B2"
"2","20","B0W1R3G4B2G0B0G1B1R0W3R0Y2B4W0Y1R2B2B3R2Y1G3W4G0Y4R0G0W2R3G2W2B0G3B3W3R4Y2Y3G1Y0G2Y0W0Y0W0R1Y3W1R1B1","REVEAL_RANK","4","W4G4","4","R3G0W4G4","G2G0Y1G1","W2Y4W3R0","G3Y1B4Y2","R0R2B3B2"
"2","21","B0W1R3G4B2G0B0G1B1R0W3R0Y2B4W0Y1R2B2B3R2Y1G3W4G0Y4R0G0W2R3G2W2B0G3B3W3R4Y2Y3G1Y0G2Y0W0Y0W0R1Y3W1R1B1","REVEAL_RANK","1","Y1G1","0","R3G0W4G4","G2G0Y1G1","W2Y4W3R0","G3Y1B4Y2","R0R2B3B2"
"2","22","B0W1R3G4B2G0B0G1B1R0W3R0Y2B4W0Y1R2B2B3R2Y1G3W4G0Y4R0G0W2R3G2W2B0G3B3W3R4Y2Y3G1Y0G2Y0W0Y0W0R1Y3W1R1B1","DISCARD","2","G0","1","R3G0W4G4","G2G0Y1G1","W2Y4W3R0","G3Y1B4Y2","R0R2B3B2"
"2","23","B0W1R3G4B2G0B0G1B1R0W3R0Y2B4W0Y1R2B2B3R2Y1G3W4G0Y4R0G0W2R3G2W2B0G3B3W3R4Y2Y3G1Y0G2Y0W0Y0W0R1Y3W1R1B1","PLAY","3","W3","2","R3G0W4G4","B0G2Y1G1","W2Y4W3R0","G3Y1B4Y2","R0R2B3B2"
"2","24","B0W1R3G4B2G0B0G1B1R0W3R0Y2B4W0Y1R2B2B3R2Y1G3W4G0Y4R0G0W2R3G2W2B0G3B3W3R4Y2Y3G1Y0G2Y0W0Y0W0R1Y3W1R1B1","REVEAL_COLOR","G","G2G1","3","R3G0W4G4","B0G2Y1G1","G3W2Y4R0","G3Y1B4Y2","R0R2B3B2"
"2","25","B0W1R3G4B2G0B0G1B1R0W3R0Y2B4W0Y1R2B2B3R2Y1G3W4G0Y4R0G0W2R3G2W2B0G3B3W3R4Y2Y3G1Y0G2Y0W0Y0W0R1Y3W1R1B1","REVEAL_COLOR","G","G3","4","R3G0W4G4","B0G2Y1G1","G3W2Y4R0","G3Y1B4Y2","R0R2B3B2"
"2","26","B0W1R3G4B2G0B0G1B1R0W3R0Y2B4W0Y1R2B2B3R2Y1G3W4G0Y4R0G0W2R3G2W2B0G3B3W3R4Y2Y3G1Y0G2Y0W0Y0W0R1Y3W1R1B1","PLAY","3","W4","0","R3G0W4G4","B0G2Y1G1","G3W2Y4R0","G3Y1B4Y2","R0R2B3B2"
"2","27","B0W1R3G4B2G0B0G1B1R0W3R0Y2B4W0Y1R2B2B3R2Y1G3W4G0Y4R0G0W2R3G2W2B0G3B3W3R4Y2Y3G1Y0G2Y0W0Y0W0R1Y3W1R1B1","PLAY","4","G1","1","B3R3G0G4","B0G2Y1G1","G3W2Y4R0","G3Y1B4Y2","R0R2B3B2"
"2","28","B0W1R3G4B2G0B0G1B1R0W3R0Y2B4W0Y1R2B2B3R2Y1G3W4G0Y4R0G0W2R3G2W2B0G3B3W3R4Y2Y3G1Y0G2Y0W0Y0W0R1Y3W1R1B1","REVEAL_RANK","4","B4","2","B3R3G0G4","W3B0G2Y1","G3W2Y4R0","G3Y1B4Y2","R0R2B3B2"
"2","29","B0W1R3G4B2G0B0G1B1R0W3R0Y2B4W0Y1R2B2B3R2Y1G3W4G0Y4R0G0W2R3G2W2B0G3B3W3R4Y2Y3G1Y0G2Y0W0Y0W0R1Y3W1R1B1","DISCARD","4","Y2","3","B3R3G0G4","W3B0G2Y1","G3W2Y4R0","G3Y1B4Y2","R0R2B3B2"
"2","30","B0W1R3G4B2G0B0G1B1R0W3R0Y2B4W0Y1R2B2B3R2Y1G3W4G0Y4R0G0W2R3G2W2B0G3B3W3R4Y2Y3G1Y0G2Y0W0Y0W0R1Y3W1R1B1","DISCARD","3","B3","4","B3R3G0G4","W3B0G2Y1","G3W2Y4R0","R4G3Y1B4","R0R2B3B2"
"2","31","B0W1R3G4B2G0B0G1B1R0W3R0Y2B4W0Y1R2B2B3R2Y1G3W4G0Y4R0G0W2R3G2W2B0G3B3W3R4Y2Y3G1Y0G2Y0W0Y0W0R1Y3W1R1B1","REVEAL_RANK","4","Y4","0","B3R3G0G4","W3B0G2Y1","G3W2Y4R0","R4G3Y1B4","Y2R0R2B2"
"2","32","B0W1R3G4B2G0B0G1B1R0W3R0Y2B4W0Y1R2B2B3R2Y1G3W4G0Y4R0G0W2R3G2W2B0G3B3W3R4Y2Y3G1Y0G2Y0W0Y0W0R1Y3W1R1B1","PLAY","3","G2","1","B3R3G0G4","W3B0G2Y1","G3W2Y4R0","R4G3Y1B4","Y2R0R2B2"
"2","33","B0W1R3G4B2G0B0G1B1R0W3R0Y2B4W0Y1R2B2B3R2Y1G3W4G0Y4R0G0W2R3G2W2B0G3B3W3R4Y2Y3G1Y0G2Y0W0Y0W0R1Y3W1R1B1","PLAY","1","G3","2","B3R3G0G4","Y3W3B0Y1","G3W2Y4R0","R4G3Y1B4","Y2R0R2B2"
"2","34","B0W1R3G4B2G0B0G1B1R0W3R0Y2B4W0Y1R2B2B3R2Y1G3W4G0Y4R0G0W2R3G2W2B0G3B3W3R4Y2Y3G1Y0G2Y0W0Y0W0R1Y3W1R1B1","REVEAL_RANK","3","B3R3","3","B3R3G0G4","Y3W3B0Y1","G1W2Y4R0","R4G3Y1B4","Y2R0R2B2"
"2","35","B0W1R3G4B2G0B0G1B1R0W3R0Y2B4W0Y1R2B2B3R2Y1G3W4G0Y4R0G0W2R3G2W2B0G3B3W3R4Y2Y3G1Y0G2Y0W0Y0W0R1Y3W1R1B1","DISCARD","2","R0","4","B3R3G0G4","Y3W3B0Y1","G1W2Y4R0","R4G3Y1B4","Y2R0R2B2"
"2","36","B0W1R3G4B2G0B0G1B1R0W3R0Y2B4W0Y1R2B2B3R2Y1G3W4G0Y4R0G0W2R3G2W2B0G3B3W3R4Y2Y3G1Y0G2Y0W0Y0W0R1Y3W1R1B1","PLAY","4","G4","0","B3R3G0G4","Y3W3B0Y1","G1W2Y4R0","R4G3Y1B4","Y0Y2R2B2"
"2","37","B0W1R3G4B2G0B0G1B1R0W3R0Y2B4W0Y1R2B2B3R2Y1G3W4G0Y4R0G0W2R3G2W2B0G3B3W3R4Y2Y3G1Y0G2Y0W0Y0W0R1Y3W1R1B1","REVEAL_RANK","0","Y0","1","G2B3R3G0","Y3W3B0Y1","G1W2Y4R0","R4G3Y1B4","Y0Y2R2B2"
"2","38","B0W1R3G4B2G0B0G1B1R0W3R0Y2B4W0Y1R2B2B3R2Y1G3W4G0Y4R0G0W2R3G2W2B0G3B3W3R4Y2Y3G1Y0G2Y0W0Y0W0R1Y3W1R1B1","REVEAL_COLOR","Y","Y1","2","G2B3R3G0","Y3W3B0Y1","G1W2Y4R0","R4G3Y1B4","Y0Y2R2B2"
"2","39","B0W1R3G4B2G0B0G1B1R0W3R0Y2B4W0Y1R2B2B3R2Y1G3W4G0Y4R0G0W2R3G2W2B0G3B3W3R4Y2Y3G1Y0G2Y0W0Y0W0R1Y3W1R1B1","DISCARD","2","G3","3","G2B3R3G0","Y3W3B0Y1","G1W2Y4R0","R4G3Y1B4","Y0Y2R2B2"
"2","40","B0W1R3G4B2G0B0G1B1R0W3R0Y2B4W0Y1R2B2B3R2Y1G3W4G0Y4R0G0W2R3G2W2B0G3B3W3R4Y2Y3G1Y0G2Y0W0Y0W0R1Y3W1R1B1","PLAY","1","Y0","4","G2B3R3G0","Y3W3B0Y1","G1W2Y4R0","Y0R4Y1B4","Y0Y2R2B2"
"2","41","B0W1R3G4B2G0B0G1B1R0W3R0Y2B4W0Y1R2B2B3R2Y1G3W4G0Y4R0G0W2R3G2W2B0G3B3W3R4Y2Y3G1Y0G2Y0W0Y0W0R1Y3W1R1B1","REVEAL_RANK","1","Y1","0","G2B3R3G0","Y3W3B0Y1","G1W2Y4R0","Y0R4Y1B4","W0Y2R2B2"
"2","42","B0W1R3G4B2G0B0G1B1R0W3R0Y2B4W0Y1R2B2B3R2Y1G3W4G0Y4R0G0W2R3G2W2B0G3B3W3R4Y2Y3G1Y0G2Y0W0Y0W0R1Y3W1R1B1","PLAY","4","Y1","1","G2B3R3G0","Y3W3B0Y1","G1W2Y4R0","Y0R4Y1B4","W0Y2R2B2"
"2","43","B0W1R3G4B2G0B0G1B1R0W3R0Y2B4W0Y1R2B2B3R2Y1G3W4G0Y4R0G0W2R3G2W2B0G3B3W3R4Y2Y3G1Y0G2Y0W0Y0W0R1Y3W1R1B1","REVEAL_COLOR","R","R4","2","G2B3R3G0","Y0Y3W3B0","G1W2Y4R0","Y0R4Y1B4","W0Y2R2B2"
"2","44","B0W1R3G4B2G0B0G1B1R0W3R0Y2B4W0Y1R2B2B3R2Y1G3W4G0Y4R0G0W2R3G2W2B0G3B3W3R4Y2Y3G1Y0G2Y0W0Y0W0R1Y3W1R1B1","REVEAL_COLOR","W","W0","3","G2B3R3G0","Y0Y3W3B0","G1W2Y4R0","Y0R4Y1B4","W0Y2R2B2"
"2","45","B0W1R3G4B2G0B0G1B1R0W3R0Y2B4W0Y1R2B2B3R2Y1G3W4G0Y4R0G0W2R3G2W2B0G3B3W3R4Y2Y3G1Y0G2Y0W0Y0W0R1Y3W1R1B1","PLAY","2","Y2","4","G2B3R3G0","Y0Y3W3B0","G1W2Y4R0","Y0R4Y1B4","W0Y2R2B2"
"2","46","B0W1R3G4B2G0B0G1B1R0W3R0Y2B4W0Y1R2B2B3R2Y1G3W4G0Y4R0G0W2R3G2W2B0G3B3W3R4Y2Y3G1Y0G2Y0W0Y0W0R1Y3W1R1B1","Bomb","1","G2","0","G2B3R3G0","Y0Y3W3B0","G1W2Y4R0","Y0R4Y1B4","W0W0R2B2"
"2","47","B0W1R3G4B2G0B0G1B1R0W3R0Y2B4W0Y1R2B2B3R2Y1G3W4G0Y4R0G0W2R3G2W2B0G3B3W3R4Y2Y3G1Y0G2Y0W0Y0W0R1Y3W1R1B1","DISCARD","4","B0","1","R1B3R3G0","Y0Y3W3B0","G1W2Y4R0","Y0R4Y1B4","W0W0R2B2"
"2","48","B0W1R3G4B2G0B0G1B1R0W3R0Y2B4W0Y1R2B2B3R2Y1G3W4G0Y4R0G0W2R3G2W2B0G3B3W3R4Y2Y3G1Y0G2Y0W0Y0W0R1Y3W1R1B1","DISCARD","4","R0","2","R1B3R3G0","Y3Y0Y3W3","G1W2Y4R0","Y0R4Y1B4","W0W0R2B2"
"2","49","B0W1R3G4B2G0B0G1B1R0W3R0Y2B4W0Y1R2B2B3R2Y1G3W4G0Y4R0G0W2R3G2W2B0G3B3W3R4Y2Y3G1Y0G2Y0W0Y0W0R1Y3W1R1B1","REVEAL_COLOR","R","R1R3","3","R1B3R3G0","Y3Y0Y3W3","W1G1W2Y4","Y0R4Y1B4","W0W0R2B2"
"2","50","B0W1R3G4B2G0B0G1B1R0W3R0Y2B4W0Y1R2B2B3R2Y1G3W4G0Y4R0G0W2R3G2W2B0G3B3W3R4Y2Y3G1Y0G2Y0W0Y0W0R1Y3W1R1B1","REVEAL_COLOR","Y","Y4","4","R1B3R3G0","Y3Y0Y3W3","W1G1W2Y4","Y0R4Y1B4","W0W0R2B2"
"2","51","B0W1R3G4B2G0B0G1B1R0W3R0Y2B4W0Y1R2B2B3R2Y1G3W4G0Y4R0G0W2R3G2W2B0G3B3W3R4Y2Y3G1Y0G2Y0W0Y0W0R1Y3W1R1B1","PLAY","1","R1","0","R1B3R3G0","Y3Y0Y3W3","W1G1W2Y4","Y0R4Y1B4","W0W0R2B2"
"2","52","B0W1R3G4B2G0B0G1B1R0W3R0Y2B4W0Y1R2B2B3R2Y1G3W4G0Y4R0G0W2R3G2W2B0G3B3W3R4Y2Y3G1Y0G2Y0W0Y0W0R1Y3W1R1B1","PLAY","1","Y3","1","R1B3R3G0","Y3Y0Y3W3","W1G1W2Y4","Y0R4Y1B4","W0W0R2B2"
"2","53","B0W1R3G4B2G0B0G1B1R0W3R0Y2B4W0Y1R2B2B3R2Y1G3W4G0Y4R0G0W2R3G2W2B0G3B3W3R4Y2Y3G1Y0G2Y0W0Y0W0R1Y3W1R1B1","PLAY","4","Y4","2","R1B3R3G0","B1Y0Y3W3","W1G1W2Y4","Y0R4Y1B4","W0W0R2B2"
"2","54","B0W1R3G4B2G0B0G1B1R0W3R0Y2B4W0Y1R2B2B3R2Y1G3W4G0Y4R0G0W2R3G2W2B0G3B3W3R4Y2Y3G1Y0G2Y0W0Y0W0R1Y3W1R1B1","REVEAL_RANK","3","B3R3","3","R1B3R3G0","B1Y0Y3W3","W1G1W2","Y0R4Y1B4","W0W0R2B2"
"2","55","B0W1R3G4B2G0B0G1B1R0W3R0Y2B4W0Y1R2B2B3R2Y1G3W4G0Y4R0G0W2R3G2W2B0G3B3W3R4Y2Y3G1Y0G2Y0W0Y0W0R1Y3W1R1B1","PLAY","3","R2","4","R1B3R3G0","B1Y0Y3W3","W1G1W2","Y0R4Y1B4","W0W0R2B2"
"2","56","B0W1R3G4B2G0B0G1B1R0W3R0Y2B4W0Y1R2B2B3R2Y1G3W4G0Y4R0G0W2R3G2W2B0G3B3W3R4Y2Y3G1Y0G2Y0W0Y0W0R1Y3W1R1B1","PLAY","3","R3","0","R1B3R3G0","B1Y0Y3W3","W1G1W2","Y0R4Y1B4","W0W0B2"
"2","57","B0W1R3G4B2G0B0G1B1R0W3R0Y2B4W0Y1R2B2B3R2Y1G3W4G0Y4R0G0W2R3G2W2B0G3B3W3R4Y2Y3G1Y0G2Y0W0Y0W0R1Y3W1R1B1","PLAY","1","B1","1","R1B3G0","B1Y0Y3W3","W1G1W2","Y0R4Y1B4","W0W0B2"
"3","1","G0B3B0Y1Y0G0R2G2R0W4Y2Y1G0R1R1W2G3R3R4R0G4W3Y4Y0R0W0W2B2Y2W0W1Y3R3B0B0B1B3B2B1Y0W0W3B4Y3G3G2W1R2G1G1","REVEAL_RANK","0","G0Y0","0","Y1B0B3G0","G2R2G0Y0","Y1Y2W4R0","W2R1R1G0","R0R4R3G3"
"3","2","G0B3B0Y1Y0G0R2G2R0W4Y2Y1G0R1R1W2G3R3R4R0G4W3Y4Y0R0W0W2B2Y2W0W1Y3R3B0B0B1B3B2B1Y0W0W3B4Y3G3G2W1R2G1G1","PLAY","3","G0","1","Y1B0B3G0","G2R2G0Y0","Y1Y2W4R0","W2R1R1G0","R0R4R3G3"
"3","3","G0B3B0Y1Y0G0R2G2R0W4Y2Y1G0R1R1W2G3R3R4R0G4W3Y4Y0R0W0W2B2Y2W0W1Y3R3B0B0B1B3B2B1Y0W0W3B4Y3G3G2W1R2G1G1","REVEAL_RANK","0","R0","2","Y1B0B3G0","G4G2R2Y0","Y1Y2W4R0","W2R1R1G0","R0R4R3G3"
"3","4","G0B3B0Y1Y0G0R2G2R0W4Y2Y1G0R1R1W2G3R3R4R0G4W3Y4Y0R0W0W2B2Y2W0W1Y3R3B0B0B1B3B2B1Y0W0W3B4Y3G3G2W1R2G1G1","DISCARD","4","G0","3","Y1B0B3G0","G4G2R2Y0","Y1Y2W4R0","W2R1R1G0","R0R4R3G3"
"3","5","G0B3B0Y1Y0G0R2G2R0W4Y2Y1G0R1R1W2G3R3R4R0G4W3Y4Y0R0W0W2B2Y2W0W1Y3R3B0B0B1B3B2B1Y0W0W3B4Y3G3G2W1R2G1G1","PLAY","1","R0","4","Y1B0B3G0","G4G2R2Y0","Y1Y2W4R0","W3W2R1R1","R0R4R3G3"
"3","6","G0B3B0Y1Y0G0R2G2R0W4Y2Y1G0R1R1W2G3R3R4R0G4W3Y4Y0R0W0W2B2Y2W0W1Y3R3B0B0B1B3B2B1Y0W0W3B4Y3G3G2W1R2G1G1","REVEAL_COLOR","Y","Y1Y2","0","Y1B0B3G0","G4G2R2Y0","Y1Y2W4R0","W3W2R1R1","Y4R4R3G3"
"3","7","G0B3B0Y1Y0G0R2G2R0W4Y2Y1G0R1R1W2G3R3R4R0G4W3Y4Y0R0W0W2B2Y2W0W1Y3R3B0B0B1B3B2B1Y0W0W3B4Y3G3G2W1R2G1G1","PLAY","4","Y0","1","Y1B0B3G0","G4G2R2Y0","Y1Y2W4R0","W3W2R1R1","Y4R4R3G3"
"3","8","G0B3B0Y1Y0G0R2G2R0W4Y2Y1G0R1R1W2G3R3R4R0G4W3Y4Y0R0W0W2B2Y2W0W1Y3R3B0B0B1B3B2B1Y0W0W3B4Y3G3G2W1R2G1G1","PLAY","1","Y1","2","Y1B0B3G0","Y0G4G2R2","Y1Y2W4R0","W3W2R1R1","Y4R4R3G3"
"3","9","G0B3B0Y1Y0G0R2G2R0W4Y2Y1G0R1R1W2G3R3R4R0G4W3Y4Y0R0W0W2B2Y2W0W1Y3R3B0B0B1B3B2B1Y0W0W3B4Y3G3G2W1R2G1G1","REVEAL_RANK","0","B0G0","3","Y1B0B3G0","Y0G4G2R2","R0Y2W4R0","W3W2R1R1","Y4R4R3G3"
"3","10","G0B3B0Y1Y0G0R2G2R0W4Y2Y1G0R1R1W2G3R3R4R0G4W3Y4Y0R0W0W2B2Y2W0W1Y3R3B0B0B1B3B2B1Y0W0W3B4Y3G3G2W1R2G1G1","REVEAL_COLOR","R","R1R1","4","Y1B0B3G0","Y0G4G2R2","R0Y2W4R0","W3W2R1R1","Y4R4R3G3"
"3","11","G0B3B0Y1Y0G0R2G2R0W4Y2Y1G0R1R1W2G3R3R4R0G4W3Y4Y0R0W0W2B2Y2W0W1Y3R3B0B0B1B3B2B1Y0W0W3B4Y3G3G2W1R2G1G1","PLAY","2","B0","0","Y1B0B3G0","Y0G4G2R2","R0Y2W4R0","W3W2R1R1","Y4R4R3G3"
"3","12","G0B3B0Y1Y0G0R2G2R0W4Y2Y1G0R1R1W2G3R3R4R0G4W3Y4Y0R0W0W2B2Y2W0W1Y3R3B0B0B1B3B2B1Y0W0W3B4Y3G3G2W1R2G1G1","REVEAL_COLOR","W","W0","1","W0Y1B3G0","Y0G4G2R2","R0Y2W4R0","W3W2R1R1","Y4R4R3G3"
"3","13","G0B3B0Y1Y0G0R2G2R0W4Y2Y1G0R1R1W2G3R3R4R0G4W3Y4Y0R0W0W2B2Y2W0W1Y3R3B0B0B1B3B2B1Y0W0W3B4Y3G3G2W1R2G1G1","PLAY","2","Y2","2","W0Y1B3G0","Y0G4G2R2","R0Y2W4R0","W3W2R1R1","Y4R4R3G3"
"3","14","G0B3B0Y1Y0G0R2G2R0W4Y2Y1G0R1R1W2G3R3R4R0G4W3Y4Y0R0W0W2B2Y2W0W1Y3R3B0B0B1B3B2B1Y0W0W3B4Y3G3G2W1R2G1G1","PLAY","3","R1","3","W0Y1B3G0","Y0G4G2R2","W2R0W4R0","W3W2R1R1","Y4R4R3G3"
"3","15","G0B3B0Y1Y0G0R2G2R0W4Y2Y1G0R1R1W2G3R3R4R0G4W3Y4Y0R0W0W2B2Y2W0W1Y3R3B0B0B1B3B2B1Y0W0W3B4Y3G3G2W1R2G1G1","REVEAL_COLOR","R","R2","4","W0Y1B3G0","Y0G4G2R2","W2R0W4R0","B2W3W2R1","Y4R4R3G3"
"3","16","G0B3B0Y1Y0G0R2G2R0W4Y2Y1G0R1R1W2G3R3R4R0G4W3Y4Y0R0W0W2B2Y2W0W1Y3R3B0B0B1B3B2B1Y0W0W3B4Y3G3G2W1R2G1G1","PLAY","1","W0","0","W0Y1B3G0","Y0G4G2R2","W2R0W4R0","B2W3W2R1","Y4R4R3G3"
"3","17","G0B3B0Y1Y0G0R2G2R0W4Y2Y1G0R1R1W2G3R3R4R0G4W3Y4Y0R0W0W2B2Y2W0W1Y3R3B0B0B1B3B2B1Y0W0W3B4Y3G3G2W1R2G1G1","REVEAL_RANK","1","R1","1","Y2Y1B3G0","Y0G4G2R2","W2R0W4R0","B2W3W2R1","Y4R4R3G3"
"3","18","G0B3B0Y1Y0G0R2G2R0W4Y2Y1G0R1R1W2G3R3R4R0G4W3Y4Y0R0W0W2B2Y2W0W1Y3R3B0B0B1B3B2B1Y0W0W3B4Y3G3G2W1R2G1G1","DISCARD","4","R0","2","Y2Y1B3G0","Y0G4G2R2","W2R0W4R0","B2W3W2R1","Y4R4R3G3"
"3","19","G0B3B0Y1Y0G0R2G2R0W4Y2Y1G0R1R1W2G3R3R4R0G4W3Y4Y0R0W0W2B2Y2W0W1Y3R3B0B0B1B3B2B1Y0W0W3B4Y3G3G2W1R2G1G1","DISCARD","4","R1","3","Y2Y1B3G0","Y0G4G2R2","W0W2R0W4","B2W3W2R1","Y4R4R3G3"
"3","20","G0B3B0Y1Y0G0R2G2R0W4Y2Y1G0R1R1W2G3R3R4R0G4W3Y4Y0R0W0W2B2Y2W0W1Y3R3B0B0B1B3B2B1Y0W0W3B4Y3G3G2W1R2G1G1","DISCARD","4","G3","4","Y2Y1B3G0","Y0G4G2R2","W0W2R0W4","W1B2W3W2","Y4R4R3G3"
"3","21","G0B3B0Y1Y0G0R2G2R0W4Y2Y1G0R1R1W2G3R3R4R0G4W3Y4Y0R0W0W2B2Y2W0W1Y3R3B0B0B1B3B2B1Y0W0W3B4Y3G3G2W1R2G1G1","REVEAL_COLOR","Y","Y3Y4","0","Y2Y1B3G0","Y0G4G2R2","W0W2R0W4","W1B2W3W2","Y3Y4R4R3"
"3","22","G0B3B0Y1Y0G0R2G2R0W4Y2Y1G0R1R1W2G3R3R4R0G4W3Y4Y0R0W0W2B2Y2W0W1Y3R3B0B0B1B3B2B1Y0W0W3B4Y3G3G2W1R2G1G1","REVEAL_RANK","0","W0R0","1","Y2Y1B3G0","Y0G4G2R2","W0W2R0W4","W1B2W3W2","Y3Y4R4R3"
"3","23","G0B3B0Y1Y0G0R2G2R0W4Y2Y1G0R1R1W2G3R3R4R0G4W3Y4Y0R0W0W2B2Y2W0W1Y3R3B0B0B1B3B2B1Y0W0W3B4Y3G3G2W1R2G1G1","REVEAL_RANK","1","W1","2","Y2Y1B3G0","Y0G4G2R2","W0W2R0W4","W1B2W3W2","Y3Y4R4R3"
"3","24","G0B3B0Y1Y0G0R2G2R0W4Y2Y1G0R1R1W2G3R3R4R0G4W3Y4Y0R0W0W2B2Y2W0W1Y3R3B0B0B1B3B2B1Y0W0W3B4Y3G3G2W1R2G1G1","PLAY","1","W1","3","Y2Y1B3G0","Y0G4G2R2","W0W2R0W4","W1B2W3W2","Y3Y4R4R3"
"3","25","G0B3B0Y1Y0G0R2G2R0W4Y2Y1G0R1R1W2G3R3R4R0G4W3Y4Y0R0W0W2B2Y2W0W1Y3R3B0B0B1B3B2B1Y0W0W3B4Y3G3G2W1R2G1G1","PLAY","1","Y3","4","Y2Y1B3G0","Y0G4G2R2","W0W2R0W4","R3B2W3W2","Y3Y4R4R3"
"3","26","G0B3B0Y1Y0G0R2G2R0W4Y2Y1G0R1R1W2G3R3R4R0G4W3Y4Y0R0W0W2B2Y2W0W1Y3R3B0B0B1B3B2B1Y0W0W3B4Y3G3G2W1R2G1G1","DISCARD","4","G0","0","Y2Y1B3G0","Y0G4G2R2","W0W2R0W4","R3B2W3W2","B0Y4R4R3"
"3","27","G0B3B0Y1Y0G0R2G2R0W4Y2Y1G0R1R1W2G3R3R4R0G4W3Y4Y0R0W0W2B2Y2W0W1Y3R3B0B0B1B3B2B1Y0W0W3B4Y3G3G2W1R2G1G1","PLAY","4","R2","1","B0Y2Y1B3","Y0G4G2R2","W0W2R0W4","R3B2W3W2","B0Y4R4R3"
"3","28","G0B3B0Y1Y0G0R2G2R0W4Y2Y1G0R1R1W2G3R3R4R0G4W3Y4Y0R0W0W2B2Y2W0W1Y3R3B0B0B1B3B2B1Y0W0W3B4Y3G3G2W1R2G1G1","REVEAL_COLOR","R","R4R3","2","B0Y2Y1B3","B1Y0G4G2","W0W2R0W4","R3B2W3W2","B0Y4R4R3"
"3","29","G0B3B0Y1Y0G0R2G2R0W4Y2Y1G0R1R1W2G3R3R4R0G4W3Y4Y0R0W0W2B2Y2W0W1Y3R3B0B0B1B3B2B1Y0W0W3B4Y3G3G2W1R2G1G1","PLAY","1","R3","3","B0Y2Y1B3","B1Y0G4G2","W0W2R0W4","R3B2W3W2","B0Y4R4R3"
"3","30","G0B3B0Y1Y0G0R2G2R0W4Y2Y1G0R1R1W2G3R3R4R0G4W3Y4Y0R0W0W2B2Y2W0W1Y3R3B0B0B1B3B2B1Y0W0W3B4Y3G3G2W1R2G1G1","REVEAL_RANK","2","B2W2","4","B0Y2Y1B3","B1Y0G4G2","W0W2R0W4","B3B2W3W2","B0Y4R4R3"
"3","31","G0B3B0Y1Y0G0R2G2R0W4Y2Y1G0R1R1W2G3R3R4R0G4W3Y4Y0R0W0W2B2Y2W0W1Y3R3B0B0B1B3B2B1Y0W0W3B4Y3G3G2W1R2G1G1","DISCARD","4","B3","0","B0Y2Y1B3","B1Y0G4G2","W0W2R0W4","B3B2W3W2","B0Y4R4R3"
"3","32","G0B3B0Y1Y0G0R2G2R0W4Y2Y1G0R1R1W2G3R3R4R0G4W3Y4Y0R0W0W2B2Y2W0W1Y3R3B0B0B1B3B2B1Y0W0W3B4Y3G3G2W1R2G1G1","PLAY","1","B1","1","B2B0Y2Y1","B1Y0G4G2","W0W2R0W4","B3B2W3W2","B0Y4R4R3"
"3","33","G0B3B0Y1Y0G0R2G2R0W4Y2Y1G0R1R1W2G3R3R4R0G4W3Y4Y0R0W0W2B2Y2W0W1Y3R3B0B0B1B3B2B1Y0W0W3B4Y3G3G2W1R2G1G1","DISCARD","3","R0","2","B2B0Y2Y1","B1Y0G4G2","W0W2R0W4","B3B2W3W2","B0Y4R4R3"
"3","34","G0B3B0Y1Y0G0R2G2R0W4Y2Y1G0R1R1W2G3R3R4R0G4W3Y4Y0R0W0W2B2Y2W0W1Y3R3B0B0B1B3B2B1Y0W0W3B4Y3G3G2W1R2G1G1","PLAY","2","B2","3","B2B0Y2Y1","B1Y0G4G2","Y0W0W2W4","B3B2W3W2","B0Y4R4R3"
"3","35","G0B3B0Y1Y0G0R2G2R0W4Y2Y1G0R1R1W2G3R3R4R0G4W3Y4Y0R0W0W2B2Y2W0W1Y3R3B0B0B1B3B2B1Y0W0W3B4Y3G3G2W1R2G1G1","PLAY","3","R4","4","B2B0Y2Y1","B1Y0G4G2","Y0W0W2W4","W0B3W3W2","B0Y4R4R3"
"3","36","G0B3B0Y1Y0G0R2G2R0W4Y2Y1G0R1R1W2G3R3R4R0G4W3Y4Y0R0W0W2B2Y2W0W1Y3R3B0B0B1B3B2B1Y0W0W3B4Y3G3G2W1R2G1G1","REVEAL_COLOR","B","B3","0","B2B0Y2Y1","B1Y0G4G2","Y0W0W2W4","W0B3W3W2","W3B0Y4R3"
"3","37","G0B3B0Y1Y0G0R2G2R0W4Y2Y1G0R1R1W2G3R3R4R0G4W3Y4Y0R0W0W2B2Y2W0W1Y3R3B0B0B1B3B2B1Y0W0W3B4Y3G3G2W1R2G1G1","REVEAL_RANK","2","W2","1","B2B0Y2Y1","B1Y0G4G2","Y0W0W2W4","W0B3W3W2","W3B0Y4R3"
"3","38","G0B3B0Y1Y0G0R2G2R0W4Y2Y1G0R1R1W2G3R3R4R0G4W3Y4Y0R0W0W2B2Y2W0W1Y3R3B0B0B1B3B2B1Y0W0W3B4Y3G3G2W1R2G1G1","PLAY","3","W2","2","B2B0Y2Y1","B1Y0G4G2","Y0W0W2W4","W0B3W3W2","W3B0Y4R3"
"3","39","G0B3B0Y1Y0G0R2G2R0W4Y2Y1G0R1R1W2G3R3R4R0G4W3Y4Y0R0W0W2B2Y2W0W1Y3R3B0B0B1B3B2B1Y0W0W3B4Y3G3G2W1R2G1G1","PLAY","2","B3","3","B2B0Y2Y1","B1Y0G4G2","B4Y0W0W4","W0B3W3W2","W3B0Y4R3"
"3","40","G0B3B0Y1Y0G0R2G2R0W4Y2Y1G0R1R1W2G3R3R4R0G4W3Y4Y0R0W0W2B2Y2W0W1Y3R3B0B0B1B3B2B1Y0W0W3B4Y3G3G2W1R2G1G1","PLAY","3","Y4","4","B2B0Y2Y1","B1Y0G4G2","B4Y0W0W4","Y3W0W3W2","W3B0Y4R3"
"3","41","G0B3B0Y1Y0G0R2G2R0W4Y2Y1G0R1R1W2G3R3R4R0G4W3Y4Y0R0W0W2B2Y2W0W1Y3R3B0B0B1B3B2B1Y0W0W3B4Y3G3G2W1R2G1G1","REVEAL_COLOR","B","B4","0","B2B0Y2Y1","B1Y0G4G2","B4Y0W0W4","Y3W0W3W2","G3W3B0R3"
"3","42","G0B3B0Y1Y0G0R2G2R0W4Y2Y1G0R1R1W2G3R3R4R0G4W3Y4Y0R0W0W2B2Y2W0W1Y3R3B0B0B1B3B2B1Y0W0W3B4Y3G3G2W1R2G1G1","REVEAL_COLOR","W","W3","1","B2B0Y2Y1","B1Y0G4G2","B4Y0W0W4","Y3W0W3W2","G3W3B0R3"
"3","43","G0B3B0Y1Y0G0R2G2R0W4Y2Y1G0R1R1W2G3R3R4R0G4W3Y4Y0R0W0W2B2Y2W0W1Y3R3B0B0B1B3B2B1Y0W0W3B4Y3G3G2W1R2G1G1","PLAY","1","B4","2","B2B0Y2Y1","B1Y0G4G2","B4Y0W0W4","Y3W0W3W2","G3W3B0R3"
"3","44","G0B3B0Y1Y0G0R2G2R0W4Y2Y1G0R1R1W2G3R3R4R0G4W3Y4Y0R0W0W2B2Y2W0W1Y3R3B0B0B1B3B2B1Y0W0W3B4Y3G3G2W1R2G1G1","DISCARD","4","W2","3","B2B0Y2Y1","B1Y0G4G2","G2Y0W0W4","Y3W0W3W2","G3W3B0R3"
"3","45","G0B3B0Y1Y0G0R2G2R0W4Y2Y1G0R1R1W2G3R3R4R0G4W3Y4Y0R0W0W2B2Y2W0W1Y3R3B0B0B1B3B2B1Y0W0W3B4Y3G3G2W1R2G1G1","PLAY","2","W3","4","B2B0Y2Y1","B1Y0G4G2","G2Y0W0W4","W1Y3W0W3","G3W3B0R3"
"3","46","G0B3B0Y1Y0G0R2G2R0W4Y2Y1G0R1R1W2G3R3R4R0G4W3Y4Y0R0W0W2B2Y2W0W1Y3R3B0B0B1B3B2B1Y0W0W3B4Y3G3G2W1R2G1G1","REVEAL_COLOR","W","W0W4","0","B2B0Y2Y1","B1Y0G4G2","G2Y0W0W4","W1Y3W0W3","R2G3B0R3"
"3","47","G0B3B0Y1Y0G0R2G2R0W4Y2Y1G0R1R1W2G3R3R4R0G4W3Y4Y0R0W0W2B2Y2W0W1Y3R3B0B0B1B3B2B1Y0W0W3B4Y3G3G2W1R2G1G1","REVEAL_RANK","3","G3R3","1","B2B0Y2Y1","B1Y0G4G2","G2Y0W0W4","W1Y3W0W3","R2G3B0R3"
"3","48","G0B3B0Y1Y0G0R2G2R0W4Y2Y1G0R1R1W2G3R3R4R0G4W3Y4Y0R0W0W2B2Y2W0W1Y3R3B0B0B1B3B2B1Y0W0W3B4Y3G3G2W1R2G1G1","PLAY","4","W4","2","B2B0Y2Y1","B1Y0G4G2","G2Y0W0W4","W1Y3W0W3","R2G3B0R3"
"3","49","G0B3B0Y1Y0G0R2G2R0W4Y2Y1G0R1R1W2G3R3R4R0G4W3Y4Y0R0W0W2B2Y2W0W1Y3R3B0B0B1B3B2B1Y0W0W3B4Y3G3G2W1R2G1G1","REVEAL_COLOR","G","G1G2","3","B2B0Y2Y1","B1Y0G4G2","G1G2Y0W0","W1Y3W0W3","R2G3B0R3"
"3","50","G0B3B0Y1Y0G0R2G2R0W4Y2Y1G0R1R1W2G3R3R4R0G4W3Y4Y0R0W0W2B2Y2W0W1Y3R3B0B0B1B3B2B1Y0W0W3B4Y3G3G2W1R2G1G1","DISCARD","4","R3","4","B2B0Y2Y1","B1Y0G4G2","G1G2Y0W0","W1Y3W0W3","R2G3B0R3"
"3","51","G0B3B0Y1Y0G0R2G2R0W4Y2Y1G0R1R1W2G3R3R4R0G4W3Y4Y0R0W0W2B2Y2W0W1Y3R3B0B0B1B3B2B1Y0W0W3B4Y3G3G2W1R2G1G1","REVEAL_COLOR","G","G1G3","0","B2B0Y2Y1","B1Y0G4G2","G1G2Y0W0","W1Y3W0W3","G1R2G3B0"
"3","52","G0B3B0Y1Y0G0R2G2R0W4Y2Y1G0R1R1W2G3R3R4R0G4W3Y4Y0R0W0W2B2Y2W0W1Y3R3B0B0B1B3B2B1Y0W0W3B4Y3G3G2W1R2G1G1","DISCARD","4","G2","1","B2B0Y2Y1","B1Y0G4G2","G1G2Y0W0","W1Y3W0W3","G1R2G3B0"
"3","53","G0B3B0Y1Y0G0R2G2R0W4Y2Y1G0R1R1W2G3R3R4R0G4W3Y4Y0R0W0W2B2Y2W0W1Y3R3B0B0B1B3B2B1Y0W0W3B4Y3G3G2W1R2G1G1","PLAY","1","G1","2","B2B0Y2Y1","B1Y0G4","G1G2Y0W0","W1Y3W0W3","G1R2G3B0"
"3","54","G0B3B0Y1Y0G0R2G2R0W4Y2Y1G0R1R1W2G3R3R4R0G4W3Y4Y0R0W0W2B2Y2W0W1Y3R3B0B0B1B3B2B1Y0W0W3B4Y3G3G2W1R2G1G1","DISCARD","4","W3","3","B2B0Y2Y1","B1Y0G4","G2Y0W0","W1Y3W0W3","G1R2G3B0"
"3","55","G0B3B0Y1Y0G0R2G2R0W4Y2Y1G0R1R1W2G3R3R4R0G4W3Y4Y0R0W0W2B2Y2W0W1Y3R3B0B0B1B3B2B1Y0W0W3B4Y3G3G2W1R2G1G1","DISCARD","4","B0","4","B2B0Y2Y1","B1Y0G4","G2Y0W0","W1Y3W0","G1R2G3B0"
"4","1","W0W1R3G4W0Y2W3B2R3R0B3G2G1G0B3B4G2R2Y4R1G0B0W2Y2B2W0R4W2W1G3Y3B1G1Y0B0Y1Y0R0B1W4G0Y1W3R0R1G3B0Y0R2Y3","REVEAL_RANK","0","W0","0","G4R3W1W0","B2W3Y2W0","G2B3R0R3","B4B3G0G1","R1Y4R2G2"
"4","2","W0W1R3G4W0Y2W3B2R3R0B3G2G1G0B3B4G2R2Y4R1G0B0W2Y2B2W0R4W2W1G3Y3B1G1Y0B0Y1Y0R0B1W4G0Y1W3R0R1G3B0Y0R2Y3","PLAY","4","W0","1","G4R3W1W0","B2W3Y2W0","G2B3R0R3","B4B3G0G1","R1Y4R2G2"
"4","3","W0W1R3G4W0Y2W3B2R3R0B3G2G1G0B3B4G2R2Y4R1G0B0W2Y2B2W0R4W2W1G3Y3B1G1Y0B0Y1Y0R0B1W4G0Y1W3R0R1G3B0Y0R2Y3","REVEAL_COLOR","G","G0G1","2","G4R3W1W0","G0B2W3Y2","G2B3R0R3","B4B3G0G1","R1Y4R2G2"
"4","4","W0W1R3G4W0Y2W3B2R3R0B3G2G1G0B3B4G2R2Y4R1G0B0W2Y2B2W0R4W2W1G3Y3B1G1Y0B0Y1Y0R0B1W4G0Y1W3R0R1G3B0Y0R2Y3","PLAY","3","G0","3","G4R3W1W0","G0B2W3Y2","G2B3R0R3","B4B3G0G1","R1Y4R2G2"
"4","5","W0W1R3G4W0Y2W3B2R3R0B3G2G1G0B3B4G2R2Y4R1G0B0W2Y2B2W0R4W2W1G3Y3B1G1Y0B0Y1Y0R0B1W4G0Y1W3R0R1G3B0Y0R2Y3","REVEAL_RANK","1","W1","4","G4R3W1W0","G0B2W3Y2","G2B3R0R3","B0B4B3G1","R1Y4R2G2"
"4","6","W0W1R3G4W0Y2W3B2R3R0B3G2G1G0B3B4G2R2Y4R1G0B0W2Y2B2W0R4W2W1G3Y3B1G1Y0B0Y1Y0R0B1W4G0Y1W3R0R1G3B0Y0R2Y3","PLAY","3","W1","0","G4R3W1W0","G0B2W3Y2","G2B3R0R3","B0B4B3G1","R1Y4R2G2"
"4","7","W0W1R3G4W0Y2W3B2R3R0B3G2G1G0B3B4G2R2Y4R1G0B0W2Y2B2W0R4W2W1G3Y3B1G1Y0B0Y1Y0R0B1W4G0Y1W3R0R1G3B0Y0R2Y3","REVEAL_RANK","0","R0","1","W2G4R3W0","G0B2W3Y2","G2B3R0R3","B0B4B3G1","R1Y4R2G2"
"4","8","W0W1R3G4W0Y2W3B2R3R0B3G2G1G0B3B4G2R2Y4R1G0B0W2Y2B2W0R4W2W1G3Y3B1G1Y0B0Y1Y0R0B1W4G0Y1W3R0R1G3B0Y0R2Y3","PLAY","3","R0","2","W2G4R3W0","G0B2W3Y2","G2B3R0R3","B0B4B3G1","R1Y4R2G2"
"4","9","W0W1R3G4W0Y2W3B2R3R0B3G2G1G0B3B4G2R2Y4R1G0B0W2Y2B2W0R4W2W1G3Y3B1G1Y0B0Y1Y0R0B1W4G0Y1W3R0R1G3B0Y0R2Y3","REVEAL_COLOR","R","R1R2","3","W2G4R3W0","G0B2W3Y2","Y2G2B3R3","B0B4B3G1","R1Y4R2G2"
"4","10","W0W1R3G4W0Y2W3B2R3R0B3G2G1G0B3B4G2R2Y4R1G0B0W2Y2B2W0R4W2W1G3Y3B1G1Y0B0Y1Y0R0B1W4G0Y1W3R0R1G3B0Y0R2Y3","PLAY","1","R1","4","W2G4R3W0","G0B2W3Y2","Y2G2B3R3","B0B4B3G1","R1Y4R2G2"
"4","11","W0W1R3G4W0Y2W3B2R3R0B3G2G1G0B3B4G2R2Y4R1G0B0W2Y2B2W0R4W2W1G3Y3B1G1Y0B0Y1Y0R0B1W4G0Y1W3R0R1G3B0Y0R2Y3","DISCARD","4","W0","0","W2G4R3W0","G0B2W3Y2","Y2G2B3R3","B0B4B3G1","B2Y4R2G2"
"4","12","W0W1R3G4W0Y2W3B2R3R0B3G2G1G0B3B4G2R2Y4R1G0B0W2Y2B2W0R4W2W1G3Y3B1G1Y0B0Y1Y0R0B1W4G0Y1W3R0R1G3B0Y0R2Y3","REVEAL_COLOR","R","R3","1","W0W2G4R3","G0B2W3Y2","Y2G2B3R3","B0B4B3G1","B2Y4R2G2"
"4","13","W0W1R3G4W0Y2W3B2R3R0B3G2G1G0B3B4G2R2Y4R1G0B0W2Y2B2W0R4W2W1G3Y3B1G1Y0B0Y1Y0R0B1W4G0Y1W3R0R1G3B0Y0R2Y3","DISCARD","4","R3","2","W0W2G4R3","G0B2W3Y2","Y2G2B3R3","B0B4B3G1","B2Y4R2G2"
"4","14","W0W1R3G4W0Y2W3B2R3R0B3G2G1G0B3B4G2R2Y4R1G0B0W2Y2B2W0R4W2W1G3Y3B1G1Y0B0Y1Y0R0B1W4G0Y1W3R0R1G3B0Y0R2Y3","PLAY","4","G1","3","W0W2G4R3","G0B2W3Y2","R4Y2G2B3","B0B4B3G1","B2Y4R2G2"
"4","15","W0W1R3G4W0Y2W3B2R3R0B3G2G1G0B3B4G2R2Y4R1G0B0W2Y2B2W0R4W2W1G3Y3B1G1Y0B0Y1Y0R0B1W4G0Y1W3R0R1G3B0Y0R2Y3","PLAY","3","R2","4","W0W2G4R3","G0B2W3Y2","R4Y2G2B3","W2B0B4B3","B2Y4R2G2"
"4","16","W0W1R3G4W0Y2W3B2R3R0B3G2G1G0B3B4G2R2Y4R1G0B0W2Y2B2W0R4W2W1G3Y3B1G1Y0B0Y1Y0R0B1W4G0Y1W3R0R1G3B0Y0R2Y3","PLAY","4","R3","0","W0W2G4R3","G0B2W3Y2","R4Y2G2B3","W2B0B4B3","W1B2Y4G2"
"4","17","W0W1R3G4W0Y2W3B2R3R0B3G2G1G0B3B4G2R2Y4R1G0B0W2Y2B2W0R4W2W1G3Y3B1G1Y0B0Y1Y0R0B1W4G0Y1W3R0R1G3B0Y0R2Y3","REVEAL_COLOR","G","G2","1","G3W0W2G4","G0B2W3Y2","R4Y2G2B3","W2B0B4B3","W1B2Y4G2"
"4","18","W0W1R3G4W0Y2W3B2R3R0B3G2G1G0B3B4G2R2Y4R1G0B0W2Y2B2W0R4W2W1G3Y3B1G1Y0B0Y1Y0R0B1W4G0Y1W3R0R1G3B0Y0R2Y3","REVEAL_COLOR","W","W3","2","G3W0W2G4","G0B2W3Y2","R4Y2G2B3","W2B0B4B3","W1B2Y4G2"
"4","19","W0W1R3G4W0Y2W3B2R3R0B3G2G1G0B3B4G2R2Y4R1G0B0W2Y2B2W0R4W2W1G3Y3B1G1Y0B0Y1Y0R0B1W4G0Y1W3R0R1G3B0Y0R2Y3","PLAY","1","W2","3","G3W0W2G4","G0B2W3Y2","R4Y2G2B3","W2B0B4B3","W1B2Y4G2"
"4","20","W0W1R3G4W0Y2W3B2R3R0B3G2G1G0B3B4G2R2Y4R1G0B0W2Y2B2W0R4W2W1G3Y3B1G1Y0B0Y1Y0R0B1W4G0Y1W3R0R1G3B0Y0R2Y3","REVEAL_COLOR","G","G3G4","4","G3W0W2G4","G0B2W3Y2","R4Y2G2B3","Y3B0B4B3","W1B2Y4G2"
"4","21","W0W1R3G4W0Y2W3B2R3R0B3G2G1G0B3B4G2R2Y4R1G0B0W2Y2B2W0R4W2W1G3Y3B1G1Y0B0Y1Y0R0B1W4G0Y1W3R0R1G3B0Y0R2Y3","DISCARD","3","W2","0","G3W0W2G4","G0B2W3Y2","R4Y2G2B3","Y3B0B4B3","W1B2Y4G2"
"4","22","W0W1R3G4W0Y2W3B2R3R0B3G2G1G0B3B4G2R2Y4R1G0B0W2Y2B2W0R4W2W1G3Y3B1G1Y0B0Y1Y0R0B1W4G0Y1W3R0R1G3B0Y0R2Y3","PLAY","3","W3","1","B1G3W0G4","G0B2W3Y2","R4Y2G2B3","Y3B0B4B3","W1B2Y4G2"
"4","23","W0W1R3G4W0Y2W3B2R3R0B3G2G1G0B3B4G2R2Y4R1G0B0W2Y2B2W0R4W2W1G3Y3B1G1Y0B0Y1Y0R0B1W4G0Y1W3R0R1G3B0Y0R2Y3","PLAY","3","G2","2","B1G3W0G4","G1G0B2Y2","R4Y2G2B3","Y3B0B4B3","W1B2Y4G2"
"4","24","W0W1R3G4W0Y2W3B2R3R0B3G2G1G0B3B4G2R2Y4R1G0B0W2Y2B2W0R4W2W1G3Y3B1G1Y0B0Y1Y0R0B1W4G0Y1W3R0R1G3B0Y0R2Y3","DISCARD","4","B3","3","B1G3W0G4","G1G0B2Y2","Y0R4Y2B3","Y3B0B4B3","W1B2Y4G2"
"4","25","W0W1R3G4W0Y2W3B2R3R0B3G2G1G0B3B4G2R2Y4R1G0B0W2Y2B2W0R4W2W1G3Y3B1G1Y0B0Y1Y0R0B1W4G0Y1W3R0R1G3B0Y0R2Y3","DISCARD","4","G2","4","B1G3W0G4","G1G0B2Y2","Y0R4Y2B3","B0Y3B0B4","W1B2Y4G2"
"4","26","W0W1R3G4W0Y2W3B2R3R0B3G2G1G0B3B4G2R2Y4R1G0B0W2Y2B2W0R4W2W1G3Y3B1G1Y0B0Y1Y0R0B1W4G0Y1W3R0R1G3B0Y0R2Y3","PLAY","2","G3","0","B1G3W0G4","G1G0B2Y2","Y0R4Y2B3","B0Y3B0B4","Y1W1B2Y4"
"4","27","W0W1R3G4W0Y2W3B2R3R0B3G2G1G0B3B4G2R2Y4R1G0B0W2Y2B2W0R4W2W1G3Y3B1G1Y0B0Y1Y0R0B1W4G0Y1W3R0R1G3B0Y0R2Y3","REVEAL_COLOR","Y","Y1Y4","1","Y0B1W0G4","G1G0B2Y2","Y0R4Y2B3","B0Y3B0B4","Y1W1B2Y4"
"4","28","W0W1R3G4W0Y2W3B2R3R0B3G2G1G0B3B4G2R2Y4R1G0B0W2Y2B2W0R4W2W1G3Y3B1G1Y0B0Y1Y0R0B1W4G0Y1W3R0R1G3B0Y0R2Y3","REVEAL_COLOR","B","B1","2","Y0B1W0G4","G1G0B2Y2","Y0R4Y2B3","B0Y3B0B4","Y1W1B2Y4"
"4","29","W0W1R3G4W0Y2W3B2R3R0B3G2G1G0B3B4G2R2Y4R1G0B0W2Y2B2W0R4W2W1G3Y3B1G1Y0B0Y1Y0R0B1W4G0Y1W3R0R1G3B0Y0R2Y3","PLAY","1","B0","3","Y0B1W0G4","G1G0B2Y2","Y0R4Y2B3","B0Y3B0B4","Y1W1B2Y4"
"4","30","W0W1R3G4W0Y2W3B2R3R0B3G2G1G0B3B4G2R2Y4R1G0B0W2Y2B2W0R4W2W1G3Y3B1G1Y0B0Y1Y0R0B1W4G0Y1W3R0R1G3B0Y0R2Y3","Bomb","1","Y1","4","Y0B1W0G4","G1G0B2Y2","Y0R4Y2B3","R0Y3B0B4","Y1W1B2Y4"
"4","31","W0W1R3G4W0Y2W3B2R3R0B3G2G1G0B3B4G2R2Y4R1G0B0W2Y2B2W0R4W2W1G3Y3B1G1Y0B0Y1Y0R0B1W4G0Y1W3R0R1G3B0Y0R2Y3","PLAY","2","B1","0","Y0B1W0G4","G1G0B2Y2","Y0R4Y2B3","R0Y3B0B4","B1W1B2Y4"
"4","32","W0W1R3G4W0Y2W3B2R3R0B3G2G1G0B3B4G2R2Y4R1G0B0W2Y2B2W0R4W2W1G3Y3B1G1Y0B0Y1Y0R0B1W4G0Y1W3R0R1G3B0Y0R2Y3","REVEAL_RANK","4","R4","1","W4Y0W0G4","G1G0B2Y2","Y0R4Y2B3","R0Y3B0B4","B1W1B2Y4"
"4","33","W0W1R3G4W0Y2W3B2R3R0B3G2G1G0B3B4G2R2Y4R1G0B0W2Y2B2W0R4W2W1G3Y3B1G1Y0B0Y1Y0R0B1W4G0Y1W3R0R1G3B0Y0R2Y3","REVEAL_RANK","4","B4","2","W4Y0W0G4","G1G0B2Y2","Y0R4Y2B3","R0Y3B0B4","B1W1B2Y4"
"4","34","W0W1R3G4W0Y2W3B2R3R0B3G2G1G0B3B4G2R2Y4R1G0B0W2Y2B2W0R4W2W1G3Y3B1G1Y0B0Y1Y0R0B1W4G0Y1W3R0R1G3B0Y0R2Y3","DISCARD","3","B0","3","W4Y0W0G4","G1G0B2Y2","Y0R4Y2B3","R0Y3B0B4","B1W1B2Y4"
"4","35","W0W1R3G4W0Y2W3B2R3R0B3G2G1G0B3B4G2R2Y4R1G0B0W2Y2B2W0R4W2W1G3Y3B1G1Y0B0Y1Y0R0B1W4G0Y1W3R0R1G3B0Y0R2Y3","REVEAL_RANK","4","W4G4","4","W4Y0W0G4","G1G0B2Y2","Y0R4Y2B3","G0R0Y3B4","B1W1B2Y4"
"4","36","W0W1R3G4W0Y2W3B2R3R0B3G2G1G0B3B4G2R2Y4R1G0B0W2Y2B2W0R4W2W1G3Y3B1G1Y0B0Y1Y0R0B1W4G0Y1W3R0R1G3B0Y0R2Y3","PLAY","1","W4","0","W4Y0W0G4","G1G0B2Y2","Y0R4Y2B3","G0R0Y3B4","B1W1B2Y4"
"4","37","W0W1R3G4W0Y2W3B2R3R0B3G2G1G0B3B4G2R2Y4R1G0B0W2Y2B2W0R4W2W1G3Y3B1G1Y0B0Y1Y0R0B1W4G0Y1W3R0R1G3B0Y0R2Y3","REVEAL_RANK","1","Y1","1","Y1Y0W0G4","G1G0B2Y2","Y0R4Y2B3","G0R0Y3B4","B1W1B2Y4"
"4","38","W0W1R3G4W0Y2W3B2R3R0B3G2G1G0B3B4G2R2Y4R1G0B0W2Y2B2W0R4W2W1G3Y3B1G1Y0B0Y1Y0R0B1W4G0Y1W3R0R1G3B0Y0R2Y3","PLAY","1","Y0","2","Y1Y0W0G4","G1G0B2Y2","Y0R4Y2B3","G0R0Y3B4","B1W1B2Y4"
"4","39","W0W1R3G4W0Y2W3B2R3R0B3G2G1G0B3B4G2R2Y4R1G0B0W2Y2B2W0R4W2W1G3Y3B1G1Y0B0Y1Y0R0B1W4G0Y1W3R0R1G3B0Y0R2Y3","DISCARD","3","Y3","3","Y1Y0W0G4","G1G0B2Y2","W3R4Y2B3","G0R0Y3B4","B1W1B2Y4"
"4","40","W0W1R3G4W0Y2W3B2R3R0B3G2G1G0B3B4G2R2Y4R1G0B0W2Y2B2W0R4W2W1G3Y3B1G1Y0B0Y1Y0R0B1W4G0Y1W3R0R1G3B0Y0R2Y3","REVEAL_RANK","2","B2Y2","4","Y1Y0W0G4","G1G0B2Y2","W3R4Y2B3","R0G0R0B4","B1W1B2Y4"
"4","41","W0W1R3G4W0Y2W3B2R3R0B3G2G1G0B3B4G2R2Y4R1G0B0W2Y2B2W0R4W2W1G3Y3B1G1Y0B0Y1Y0R0B1W4G0Y1W3R0R1G3B0Y0R2Y3","PLAY","1","Y1","0","Y1Y0W0G4","G1G0B2Y2","W3R4Y2B3","R0G0R0B4","B1W1B2Y4"
"4","42","W0W1R3G4W0Y2W3B2R3R0B3G2G1G0B3B4G2R2Y4R1G0B0W2Y2B2W0R4W2W1G3Y3B1G1Y0B0Y1Y0R0B1W4G0Y1W3R0R1G3B0Y0R2Y3","PLAY","3","B2","1","R1Y0W0G4","G1G0B2Y2","W3R4Y2B3","R0G0R0B4","B1W1B2Y4"
"4","43","W0W1R3G4W0Y2W3B2R3R0B3G2G1G0B3B4G2R2Y4R1G0B0W2Y2B2W0R4W2W1G3Y3B1G1Y0B0Y1Y0R0B1W4G0Y1W3R0R1G3B0Y0R2Y3","PLAY","2","R4","2","R1Y0W0G4","G3G1G0Y2","W3R4Y2B3","R0G0R0B4","B1W1B2Y4"
"4","44","W0W1R3G4W0Y2W3B2R3R0B3G2G1G0B3B4G2R2Y4R1G0B0W2Y2B2W0R4W2W1G3Y3B1G1Y0B0Y1Y0R0B1W4G0Y1W3R0R1G3B0Y0R2Y3","REVEAL_COLOR","W","W3","3","R1Y0W0G4","G3G1G0Y2","B0W3Y2B3","R0G0R0B4","B1W1B2Y4"
"4","45","W0W1R3G4W0Y2W3B2R3R0B3G2G1G0B3B4G2R2Y4R1G0B0W2Y2B2W0R4W2W1G3Y3B1G1Y0B0Y1Y0R0B1W4G0Y1W3R0R1G3B0Y0R2Y3","DISCARD","3","B2","4","R1Y0W0G4","G3G1G0Y2","B0W3Y2B3","R0G0R0B4","B1W1B2Y4"
"4","46","W0W1R3G4W0Y2W3B2R3R0B3G2G1G0B3B4G2R2Y4R1G0B0W2Y2B2W0R4W2W1G3Y3B1G1Y0B0Y1Y0R0B1W4G0Y1W3R0R1G3B0Y0R2Y3","PLAY","4","G4","0","R1Y0W0G4","G3G1G0Y2","B0W3Y2B3","R0G0R0B4","Y0B1W1Y4"
"4","47","W0W1R3G4W0Y2W3B2R3R0B3G2G1G0B3B4G2R2Y4R1G0B0W2Y2B2W0R4W2W1G3Y3B1G1Y0B0Y1Y0R0B1W4G0Y1W3R0R1G3B0Y0R2Y3","REVEAL_COLOR","Y","Y2","1","R2R1Y0W0","G3G1G0Y2","B0W3Y2B3","R0G0R0B4","Y0B1W1Y4"
"4","48","W0W1R3G4W0Y2W3B2R3R0B3G2G1G0B3B4G2R2Y4R1G0B0W2Y2B2W0R4W2W1G3Y3B1G1Y0B0Y1Y0R0B1W4G0Y1W3R0R1G3B0Y0R2Y3","PLAY","4","B3","2","R2R1Y0W0","G3G1G0Y2","B0W3Y2B3","R0G0R0B4","Y0B1W1Y4"
"4","49","W0W1R3G4W0Y2W3B2R3R0B3G2G1G0B3B4G2R2Y4R1G0B0W2Y2B2W0R4W2W1G3Y3B1G1Y0B0Y1Y0R0B1W4G0Y1W3R0R1G3B0Y0R2Y3","PLAY","4","B4","3","R2R1Y0W0","G3G1G0Y2","Y3B0W3Y2","R0G0R0B4","Y0B1W1Y4"
"4","50","W0W1R3G4W0Y2W3B2R3R0B3G2G1G0B3B4G2R2Y4R1G0B0W2Y2B2W0R4W2W1G3Y3B1G1Y0B0Y1Y0R0B1W4G0Y1W3R0R1G3B0Y0R2Y3","REVEAL_COLOR","Y","Y3Y2","4","R2R1Y0W0","G3G1G0Y2","Y3B0W3Y2","R0G0R0","Y0B1W1Y4"
"4","51","W0W1R3G4W0Y2W3B2R3R0B3G2G1G0B3B4G2R2Y4R1G0B0W2Y2B2W0R4W2W1G3Y3B1G1Y0B0Y1Y0R0B1W4G0Y1W3R0R1G3B0Y0R2Y3","DISCARD","4","W0","0","R2R1Y0W0","G3G1G0Y2","Y3B0W3Y2","R0G0R0","Y0B1W1Y4"
"4","52","W0W1R3G4W0Y2W3B2R3R0B3G2G1G0B3B4G2R2Y4R1G0B0W2Y2B2W0R4W2W1G3Y3B1G1Y0B0Y1Y0R0B1W4G0Y1W3R0R1G3B0Y0R2Y3","PLAY","4","Y2","1","R2R1Y0","G3G1G0Y2","Y3B0W3Y2","R0G0R0","Y0B1W1Y4"
"4","53","W0W1R3G4W0Y2W3B2R3R0B3G2G1G0B3B4G2R2Y4R1G0B0W2Y2B2W0R4W2W1G3Y3B1G1Y0B0Y1Y0R0B1W4G0Y1W3R0R1G3B0Y0R2Y3","PLAY","1","Y3","2","R2R1Y0","G3G1G0","Y3B0W3Y2","R0G0R0","Y0B1W1Y4"
"5","1","B3B2W2B4G0Y2R1Y0R0Y0W4B1R2G3W1W2B3W3Y1Y4W1G2G1W0G1B0R0R2B0G3G4W0Y3G2Y3B0G0R4W3G0B1R0Y0R3B2Y2W0R3Y1R1","REVEAL_RANK","0","Y0G0","0","B4W2B2B3","Y0R1Y2G0","B1W4Y0R0","W2W1G3R2","Y4Y1W3B3"
"5","2","B3B2W2B4G0Y2R1Y0R0Y0W4B1R2G3W1W2B3W3Y1Y4W1G2G1W0G1B0R0R2B0G3G4W0Y3G2Y3B0G0R4W3G0B1R0Y0R3B2Y2W0R3Y1R1","REVEAL_RANK","0","Y0R0","1","B4W2B2B3","Y0R1Y2G0","B1W4Y0R0","W2W1G3R2","Y4Y1W3B3"
"5","3","B3B2W2B4G0Y2R1Y0R0Y0W4B1R2G3W1W2B3W3Y1Y4W1G2G1W0G1B0R0R2B0G3G4W0Y3G2Y3B0G0R4W3G0B1R0Y0R3B2Y2W0R3Y1R1","PLAY","3","Y0","2","B4W2B2B3","Y0R1Y2G0","B1W4Y0R0","W2W1G3R2","Y4Y1W3B3"
"5","4","B3B2W2B4G0Y2R1Y0R0Y0W4B1R2G3W1W2B3W3Y1Y4W1G2G1W0G1B0R0R2B0G3G4W0Y3G2Y3B0G0R4W3G0B1R0Y0R3B2Y2W0R3Y1R1","REVEAL_RANK","1","Y1","3","B4W2B2B3","Y0R1Y2G0","W1B1W4R0","W2W1G3R2","Y4Y1W3B3"
"5","5","B3B2W2B4G0Y2R1Y0R0Y0W4B1R2G3W1W2B3W3Y1Y4W1G2G1W0G1B0R0R2B0G3G4W0Y3G2Y3B0G0R4W3G0B1R0Y0R3B2Y2W0R3Y1R1","PLAY","2","Y1","4","B4W2B2B3","Y0R1Y2G0","W1B1W4R0","W2W1G3R2","Y4Y1W3B3"
"5","6","B3B2W2B4G0Y2R1Y0R0Y0W4B1R2G3W1W2B3W3Y1Y4W1G2G1W0G1B0R0R2B0G3G4W0Y3G2Y3B0G0R4W3G0B1R0Y0R3B2Y2W0R3Y1R1","REVEAL_COLOR","Y","Y0Y2","0","B4W2B2B3","Y0R1Y2G0","W1B1W4R0","W2W1G3R2","G2Y4W3B3"
"5","7","B3B2W2B4G0Y2R1Y0R0Y0W4B1R2G3W1W2B3W3Y1Y4W1G2G1W0G1B0R0R2B0G3G4W0Y3G2Y3B0G0R4W3G0B1R0Y0R3B2Y2W0R3Y1R1","PLAY","4","G0","1","B4W2B2B3","Y0R1Y2G0","W1B1W4R0","W2W1G3R2","G2Y4W3B3"
"5","8","B3B2W2B4G0Y2R1Y0R0Y0W4B1R2G3W1W2B3W3Y1Y4W1G2G1W0G1B0R0R2B0G3G4W0Y3G2Y3B0G0R4W3G0B1R0Y0R3B2Y2W0R3Y1R1","PLAY","4","R0","2","B4W2B2B3","G1Y0R1Y2","W1B1W4R0","W2W1G3R2","G2Y4W3B3"
"5","9","B3B2W2B4G0Y2R1Y0R0Y0W4B1R2G3W1W2B3W3Y1Y4W1G2G1W0G1B0R0R2B0G3G4W0Y3G2Y3B0G0R4W3G0B1R0Y0R3B2Y2W0R3Y1R1","REVEAL_COLOR","W","W0W1W4","3","B4W2B2B3","G1Y0R1Y2","W0W1B1W4","W2W1G3R2","G2Y4W3B3"
"5","10","B3B2W2B4G0Y2R1Y0R0Y0W4B1R2G3W1W2B3W3Y1Y4W1G2G1W0G1B0R0R2B0G3G4W0Y3G2Y3B0G0R4W3G0B1R0Y0R3B2Y2W0R3Y1R1","REVEAL_RANK","1","G1R1","4","B4W2B2B3","G1Y0R1Y2","W0W1B1W4","W2W1G3R2","G2Y4W3B3"
"5","11","B3B2W2B4G0Y2R1Y0R0Y0W4B1R2G3W1W2B3W3Y1Y4W1G2G1W0G1B0R0R2B0G3G4W0Y3G2Y3B0G0R4W3G0B1R0Y0R3B2Y2W0R3Y1R1","DISCARD","4","B3","0","B4W2B2B3","G1Y0R1Y2","W0W1B1W4","W2W1G3R2","G2Y4W3B3"
"5","12","B3B2W2B4G0Y2R1Y0R0Y0W4B1R2G3W1W2B3W3Y1Y4W1G2G1W0G1B0R0R2B0G3G4W0Y3G2Y3B0G0R4W3G0B1R0Y0R3B2Y2W0R3Y1R1","PLAY","1","G1","1","G1B4W2B2","G1Y0R1Y2","W0W1B1W4","W2W1G3R2","G2Y4W3B3"
"5","13","B3B2W2B4G0Y2R1Y0R0Y0W4B1R2G3W1W2B3W3Y1Y4W1G2G1W0G1B0R0R2B0G3G4W0Y3G2Y3B0G0R4W3G0B1R0Y0R3B2Y2W0R3Y1R1","PLAY","1","W0","2","G1B4W2B2","B0Y0R1Y2","W0W1B1W4","W2W1G3R2","G2Y4W3B3"
"5","14","B3B2W2B4G0Y2R1Y0R0Y0W4B1R2G3W1W2B3W3Y1Y4W1G2G1W0G1B0R0R2B0G3G4W0Y3G2Y3B0G0R4W3G0B1R0Y0R3B2Y2W0R3Y1R1","REVEAL_RANK","2","G2","3","G1B4W2B2","B0Y0R1Y2","R0W1B1W4","W2W1G3R2","G2Y4W3B3"
"5","15","B3B2W2B4G0Y2R1Y0R0Y0W4B1R2G3W1W2B3W3Y1Y4W1G2G1W0G1B0R0R2B0G3G4W0Y3G2Y3B0G0R4W3G0B1R0Y0R3B2Y2W0R3Y1R1","PLAY","1","G2","4","G1B4W2B2","B0Y0R1Y2","R0W1B1W4","W2W1G3R2","G2Y4W3B3"
"5","16","B3B2W2B4G0Y2R1Y0R0Y0W4B1R2G3W1W2B3W3Y1Y4W1G2G1W0G1B0R0R2B0G3G4W0Y3G2Y3B0G0R4W3G0B1R0Y0R3B2Y2W0R3Y1R1","DISCARD","4","B2","0","G1B4W2B2","B0Y0R1Y2","R0W1B1W4","W2W1G3R2","R2Y4W3B3"
"5","17","B3B2W2B4G0Y2R1Y0R0Y0W4B1R2G3W1W2B3W3Y1Y4W1G2G1W0G1B0R0R2B0G3G4W0Y3G2Y3B0G0R4W3G0B1R0Y0R3B2Y2W0R3Y1R1","PLAY","4","Y2","1","B0G1B4W2","B0Y0R1Y2","R0W1B1W4","W2W1G3R2","R2Y4W3B3"
"5","18","B3B2W2B4G0Y2R1Y0R0Y0W4B1R2G3W1W2B3W3Y1Y4W1G2G1W0G1B0R0R2B0G3G4W0Y3G2Y3B0G0R4W3G0B1R0Y0R3B2Y2W0R3Y1R1","REVEAL_COLOR","G","G3","2","B0G1B4W2","G3B0Y0R1","R0W1B1W4","W2W1G3R2","R2Y4W3B3"
"5","19","B3B2W2B4G0Y2R1Y0R0Y0W4B1R2G3W1W2B3W3Y1Y4W1G2G1W0G1B0R0R2B0G3G4W0Y3G2Y3B0G0R4W3G0B1R0Y0R3B2Y2W0R3Y1R1","REVEAL_COLOR","B","B3","3","B0G1B4W2","G3B0Y0R1","R0W1B1W4","W2W1G3R2","R2Y4W3B3"
"5","20","B3B2W2B4G0Y2R1Y0R0Y0W4B1R2G3W1W2B3W3Y1Y4W1G2G1W0G1B0R0R2B0G3G4W0Y3G2Y3B0G0R4W3G0B1R0Y0R3B2Y2W0R3Y1R1","REVEAL_COLOR","B","B1","4","B0G1B4W2","G3B0Y0R1","R0W1B1W4","W2W1G3R2","R2Y4W3B3"
"5","21","B3B2W2B4G0Y2R1Y0R0Y0W4B1R2G3W1W2B3W3Y1Y4W1G2G1W0G1B0R0R2B0G3G4W0Y3G2Y3B0G0R4W3G0B1R0Y0R3B2Y2W0R3Y1R1","PLAY","1","B0","0","B0G1B4W2","G3B0Y0R1","R0W1B1W4","W2W1G3R2","R2Y4W3B3"
"5","22","B3B2W2B4G0Y2R1Y0R0Y0W4B1R2G3W1W2B3W3Y1Y4W1G2G1W0G1B0R0R2B0G3G4W0Y3G2Y3B0G0R4W3G0B1R0Y0R3B2Y2W0R3Y1R1","PLAY","4","R1","1","G4G1B4W2","G3B0Y0R1","R0W1B1W4","W2W1G3R2","R2Y4W3B3"
"5","23","B3B2W2B4G0Y2R1Y0R0Y0W4B1R2G3W1W2B3W3Y1Y4W1G2G1W0G1B0R0R2B0G3G4W0Y3G2Y3B0G0R4W3G0B1R0Y0R3B2Y2W0R3Y1R1","PLAY","2","W1","2","G4G1B4W2","W0G3B0Y0","R0W1B1W4","W2W1G3R2","R2Y4W3B3"
"5","24","B3B2W2B4G0Y2R1Y0R0Y0W4B1R2G3W1W2B3W3Y1Y4W1G2G1W0G1B0R0R2B0G3G4W0Y3G2Y3B0G0R4W3G0B1R0Y0R3B2Y2W0R3Y1R1","PLAY","3","G3","3","G4G1B4W2","W0G3B0Y0","Y3R0B1W4","W2W1G3R2","R2Y4W3B3"
"5","25","B3B2W2B4G0Y2R1Y0R0Y0W4B1R2G3W1W2B3W3Y1Y4W1G2G1W0G1B0R0R2B0G3G4W0Y3G2Y3B0G0R4W3G0B1R0Y0R3B2Y2W0R3Y1R1","DISCARD","3","W3","4","G4G1B4W2","W0G3B0Y0","Y3R0B1W4","G2W2W1R2","R2Y4W3B3"
"5","26","B3B2W2B4G0Y2R1Y0R0Y0W4B1R2G3W1W2B3W3Y1Y4W1G2G1W0G1B0R0R2B0G3G4W0Y3G2Y3B0G0R4W3G0B1R0Y0R3B2Y2W0R3Y1R1","DISCARD","4","W2","0","G4G1B4W2","W0G3B0Y0","Y3R0B1W4","G2W2W1R2","Y3R2Y4B3"
"5","27","B3B2W2B4G0Y2R1Y0R0Y0W4B1R2G3W1W2B3W3Y1Y4W1G2G1W0G1B0R0R2B0G3G4W0Y3G2Y3B0G0R4W3G0B1R0Y0R3B2Y2W0R3Y1R1","REVEAL_COLOR","Y","Y3Y4","1","B0G4G1B4","W0G3B0Y0","Y3R0B1W4","G2W2W1R2","Y3R2Y4B3"
"5","28","B3B2W2B4G0Y2R1Y0R0Y0W4B1R2G3W1W2B3W3Y1Y4W1G2G1W0G1B0R0R2B0G3G4W0Y3G2Y3B0G0R4W3G0B1R0Y0R3B2Y2W0R3Y1R1","REVEAL_RANK","2","R2","2","B0G4G1B4","W0G3B0Y0","Y3R0B1W4","G2W2W1R2","Y3R2Y4B3"
"5","29","B3B2W2B4G0Y2R1Y0R0Y0W4B1R2G3W1W2B3W3Y1Y4W1G2G1W0G1B0R0R2B0G3G4W0Y3G2Y3B0G0R4W3G0B1R0Y0R3B2Y2W0R3Y1R1","DISCARD","4","R2","3","B0G4G1B4","W0G3B0Y0","Y3R0B1W4","G2W2W1R2","Y3R2Y4B3"
"5","30","B3B2W2B4G0Y2R1Y0R0Y0W4B1R2G3W1W2B3W3Y1Y4W1G2G1W0G1B0R0R2B0G3G4W0Y3G2Y3B0G0R4W3G0B1R0Y0R3B2Y2W0R3Y1R1","REVEAL_COLOR","G","G4G1","4","B0G4G1B4","W0G3B0Y0","Y3R0B1W4","G0G2W2W1","Y3R2Y4B3"
"5","31","B3B2W2B4G0Y2R1Y0R0Y0W4B1R2G3W1W2B3W3Y1Y4W1G2G1W0G1B0R0R2B0G3G4W0Y3G2Y3B0G0R4W3G0B1R0Y0R3B2Y2W0R3Y1R1","PLAY","2","G4","0","B0G4G1B4","W0G3B0Y0","Y3R0B1W4","G0G2W2W1","Y3R2Y4B3"
"5","32","B3B2W2B4G0Y2R1Y0R0Y0W4B1R2G3W1W2B3W3Y1Y4W1G2G1W0G1B0R0R2B0G3G4W0Y3G2Y3B0G0R4W3G0B1R0Y0R3B2Y2W0R3Y1R1","REVEAL_RANK","1","B1","1","R4B0G1B4","W0G3B0Y0","Y3R0B1W4","G0G2W2W1","Y3R2Y4B3"
"5","33","B3B2W2B4G0Y2R1Y0R0Y0W4B1R2G3W1W2B3W3Y1Y4W1G2G1W0G1B0R0R2B0G3G4W0Y3G2Y3B0G0R4W3G0B1R0Y0R3B2Y2W0R3Y1R1","PLAY","3","B1","2","R4B0G1B4","W0G3B0Y0","Y3R0B1W4","G0G2W2W1","Y3R2Y4B3"
"5","34","B3B2W2B4G0Y2R1Y0R0Y0W4B1R2G3W1W2B3W3Y1Y4W1G2G1W0G1B0R0R2B0G3G4W0Y3G2Y3B0G0R4W3G0B1R0Y0R3B2Y2W0R3Y1R1","DISCARD","4","W1","3","R4B0G1B4","W0G3B0Y0","W3Y3R0W4","G0G2W2W1","Y3R2Y4B3"
"5","35","B3B2W2B4G0Y2R1Y0R0Y0W4B1R2G3W1W2B3W3Y1Y4W1G2G1W0G1B0R0R2B0G3G4W0Y3G2Y3B0G0R4W3G0B1R0Y0R3B2Y2W0R3Y1R1","PLAY","1","Y3","4","R4B0G1B4","W0G3B0Y0","W3Y3R0W4","G0G0G2W2","Y3R2Y4B3"
"5","36","B3B2W2B4G0Y2R1Y0R0Y0W4B1R2G3W1W2B3W3Y1Y4W1G2G1W0G1B0R0R2B0G3G4W0Y3G2Y3B0G0R4W3G0B1R0Y0R3B2Y2W0R3Y1R1","REVEAL_COLOR","W","W3W4","0","R4B0G1B4","W0G3B0Y0","W3Y3R0W4","G0G0G2W2","B1R2Y4B3"
"5","37","B3B2W2B4G0Y2R1Y0R0Y0W4B1R2G3W1W2B3W3Y1Y4W1G2G1W0G1B0R0R2B0G3G4W0Y3G2Y3B0G0R4W3G0B1R0Y0R3B2Y2W0R3Y1R1","DISCARD","4","Y0","1","R4B0G1B4","W0G3B0Y0","W3Y3R0W4","G0G0G2W2","B1R2Y4B3"
"5","38","B3B2W2B4G0Y2R1Y0R0Y0W4B1R2G3W1W2B3W3Y1Y4W1G2G1W0G1B0R0R2B0G3G4W0Y3G2Y3B0G0R4W3G0B1R0Y0R3B2Y2W0R3Y1R1","REVEAL_COLOR","G","G0G0G2","2","R4B0G1B4","R0W0G3B0","W3Y3R0W4","G0G0G2W2","B1R2Y4B3"
"5","39","B3B2W2B4G0Y2R1Y0R0Y0W4B1R2G3W1W2B3W3Y1Y4W1G2G1W0G1B0R0R2B0G3G4W0Y3G2Y3B0G0R4W3G0B1R0Y0R3B2Y2W0R3Y1R1","DISCARD","3","G2","3","R4B0G1B4","R0W0G3B0","W3Y3R0W4","G0G0G2W2","B1R2Y4B3"
"5","40","B3B2W2B4G0Y2R1Y0R0Y0W4B1R2G3W1W2B3W3Y1Y4W1G2G1W0G1B0R0R2B0G3G4W0Y3G2Y3B0G0R4W3G0B1R0Y0R3B2Y2W0R3Y1R1","PLAY","3","Y4","4","R4B0G1B4","R0W0G3B0","W3Y3R0W4","Y0G0G0W2","B1R2Y4B3"
"5","41","B3B2W2B4G0Y2R1Y0R0Y0W4B1R2G3W1W2B3W3Y1Y4W1G2G1W0G1B0R0R2B0G3G4W0Y3G2Y3B0G0R4W3G0B1R0Y0R3B2Y2W0R3Y1R1","REVEAL_COLOR","W","W2","0","R4B0G1B4","R0W0G3B0","W3Y3R0W4","Y0G0G0W2","R3B1R2B3"
"5","42","B3B2W2B4G0Y2R1Y0R0Y0W4B1R2G3W1W2B3W3Y1Y4W1G2G1W0G1B0R0R2B0G3G4W0Y3G2Y3B0G0R4W3G0B1R0Y0R3B2Y2W0R3Y1R1","REVEAL_COLOR","W","W3W4","1","R4B0G1B4","R0W0G3B0","W3Y3R0W4","Y0G0G0W2","R3B1R2B3"
"5","43","B3B2W2B4G0Y2R1Y0R0Y0W4B1R2G3W1W2B3W3Y1Y4W1G2G1W0G1B0R0R2B0G3G4W0Y3G2Y3B0G0R4W3G0B1R0Y0R3B2Y2W0R3Y1R1","DISCARD","3","R0","2","R4B0G1B4","R0W0G3B0","W3Y3R0W4","Y0G0G0W2","R3B1R2B3"
"5","44","B3B2W2B4G0Y2R1Y0R0Y0W4B1R2G3W1W2B3W3Y1Y4W1G2G1W0G1B0R0R2B0G3G4W0Y3G2Y3B0G0R4W3G0B1R0Y0R3B2Y2W0R3Y1R1","PLAY","4","W2","3","R4B0G1B4","R0W0G3B0","B2W3Y3W4","Y0G0G0W2","R3B1R2B3"
"5","45","B3B2W2B4G0Y2R1Y0R0Y0W4B1R2G3W1W2B3W3Y1Y4W1G2G1W0G1B0R0R2B0G3G4W0Y3G2Y3B0G0R4W3G0B1R0Y0R3B2Y2W0R3Y1R1","PLAY","3","R2","4","R4B0G1B4","R0W0G3B0","B2W3Y3W4","Y2Y0G0G0","R3B1R2B3"
"5","46","B3B2W2B4G0Y2R1Y0R0Y0W4B1R2G3W1W2B3W3Y1Y4W1G2G1W0G1B0R0R2B0G3G4W0Y3G2Y3B0G0R4W3G0B1R0Y0R3B2Y2W0R3Y1R1","REVEAL_RANK","3","R3B3","0","R4B0G1B4","R0W0G3B0","B2W3Y3W4","Y2Y0G0G0","W0R3B1B3"
"5","47","B3B2W2B4G0Y2R1Y0R0Y0W4B1R2G3W1W2B3W3Y1Y4W1G2G1W0G1B0R0R2B0G3G4W0Y3G2Y3B0G0R4W3G0B1R0Y0R3B2Y2W0R3Y1R1","DISCARD","4","B0","1","R4B0G1B4","R0W0G3B0","B2W3Y3W4","Y2Y0G0G0","W0R3B1B3"
"5","48","B3B2W2B4G0Y2R1Y0R0Y0W4B1R2G3W1W2B3W3Y1Y4W1G2G1W0G1B0R0R2B0G3G4W0Y3G2Y3B0G0R4W3G0B1R0Y0R3B2Y2W0R3Y1R1","PLAY","2","W3","2","R4B0G1B4","R3R0W0G3","B2W3Y3W4","Y2Y0G0G0","W0R3B1B3"
"5","49","B3B2W2B4G0Y2R1Y0R0Y0W4B1R2G3W1W2B3W3Y1Y4W1G2G1W0G1B0R0R2B0G3G4W0Y3G2Y3B0G0R4W3G0B1R0Y0R3B2Y2W0R3Y1R1","REVEAL_COLOR","R","R4","3","R4B0G1B4","R3R0W0G3","Y1B2Y3W4","Y2Y0G0G0","W0R3B1B3"
"5","50","B3B2W2B4G0Y2R1Y0R0Y0W4B1R2G3W1W2B3W3Y1Y4W1G2G1W0G1B0R0R2B0G3G4W0Y3G2Y3B0G0R4W3G0B1R0Y0R3B2Y2W0R3Y1R1","PLAY","2","R3","4","R4B0G1B4","R3R0W0G3","Y1B2Y3W4","Y2Y0G0G0","W0R3B1B3"
"5","51","B3B2W2B4G0Y2R1Y0R0Y0W4B1R2G3W1W2B3W3Y1Y4W1G2G1W0G1B0R0R2B0G3G4W0Y3G2Y3B0G0R4W3G0B1R0Y0R3B2Y2W0R3Y1R1","PLAY","1","R4","0","R4B0G1B4","R3R0W0G3","Y1B2Y3W4","Y2Y0G0G0","R1W0B1B3"
"5","52","B3B2W2B4G0Y2R1Y0R0Y0W4B1R2G3W1W2B3W3Y1Y4W1G2G1W0G1B0R0R2B0G3G4W0Y3G2Y3B0G0R4W3G0B1R0Y0R3B2Y2W0R3Y1R1","REVEAL_COLOR","B","B2","1","B0G1B4","R3R0W0G3","Y1B2Y3W4","Y2Y0G0G0","R1W0B1B3"
"5","53","B3B2W2B4G0Y2R1Y0R0Y0W4B1R2G3W1W2B3W3Y1Y4W1G2G1W0G1B0R0R2B0G3G4W0Y3G2Y3B0G0R4W3G0B1R0Y0R3B2Y2W0R3Y1R1","PLAY","4","W4","2","B0G1B4","R3R0W0G3","Y1B2Y3W4","Y2Y0G0G0","R1W0B1B3"
"5","54","B3B2W2B4G0Y2R1Y0R0Y0W4B1R2G3W1W2B3W3Y1Y4W1G2G1W0G1B0R0R2B0G3G4W0Y3G2Y3B0G0R4W3G0B1R0Y0R3B2Y2W0R3Y1R1","DISCARD","4","G0","3","B0G1B4","R3R0W0G3","Y1B2Y3","Y2Y0G0G0","R1W0B1B3"
"5","55","B3B2W2B4G0Y2R1Y0R0Y0W4B1R2G3W1W2B3W3Y1Y4W1G2G1W0G1B0R0R2B0G3G4W0Y3G2Y3B0G0R4W3G0B1R0Y0R3B2Y2W0R3Y1R1","DISCARD","3","B1","4","B0G1B4","R3R0W0G3","Y1B2Y3","Y2Y0G0","R1W0B1B3"
